SB02_Trial05_norm_spliced.csv_x_ap_ent,SB02_Trial24_norm_spliced.csv_x_ap_ent,SB02_Trial30_norm_spliced.csv_x_ap_ent,SB02_Trial11_norm_spliced.csv_x_ap_ent,SB02_Trial15_norm_spliced.csv_x_ap_ent,SB02_Trial20_norm_spliced.csv_x_ap_ent,SB02_Trial25_norm_spliced.csv_x_ap_ent,SB02_Trial04_norm_spliced.csv_x_ap_ent,SB02_Trial10_norm_spliced.csv_x_ap_ent,SB02_Trial31_norm_spliced.csv_x_ap_ent,SB02_Trial14_norm_spliced.csv_x_ap_ent,SB02_Trial21_norm_spliced.csv_x_ap_ent,SB02_Trial13_norm_spliced.csv_x_ap_ent,SB02_Trial18_norm_spliced.csv_x_ap_ent,SB02_Trial26_norm_spliced.csv_x_ap_ent,SB02_Trial07_norm_spliced.csv_x_ap_ent,SB02_Trial03_norm_spliced.csv_x_ap_ent,SB02_Trial22_norm_spliced.csv_x_ap_ent,SB02_Trial08_norm_spliced.csv_x_ap_ent,SB02_Trial29_norm_spliced.csv_x_ap_ent,SB02_Trial17_norm_spliced.csv_x_ap_ent,SB02_Trial12_norm_spliced.csv_x_ap_ent,SB02_Trial06_norm_spliced.csv_x_ap_ent,SB02_Trial19_norm_spliced.csv_x_ap_ent,SB02_Trial27_norm_spliced.csv_x_ap_ent,SB02_Trial23_norm_spliced.csv_x_ap_ent,SB02_Trial02_norm_spliced.csv_x_ap_ent,SB02_Trial28_norm_spliced.csv_x_ap_ent,SB02_Trial16_norm_spliced.csv_x_ap_ent,SB02_Trial09_norm_spliced.csv_x_ap_ent,SB05_Trial17_norm_spliced.csv_x_ap_ent,SB05_Trial29_norm_spliced.csv_x_ap_ent,SB05_Trial08_norm_spliced.csv_x_ap_ent,SB05_Trial22_norm_spliced.csv_x_ap_ent,SB05_Trial03_norm_spliced.csv_x_ap_ent,SB05_Trial07_norm_spliced.csv_x_ap_ent,SB05_Trial26_norm_spliced.csv_x_ap_ent,SB05_Trial18_norm_spliced.csv_x_ap_ent,SB05_Trial13_norm_spliced.csv_x_ap_ent,SB05_Trial09_norm_spliced.csv_x_ap_ent,SB05_Trial16_norm_spliced.csv_x_ap_ent,SB05_Trial28_norm_spliced.csv_x_ap_ent,SB05_Trial02_norm_spliced.csv_x_ap_ent,SB05_Trial23_norm_spliced.csv_x_ap_ent,SB05_Trial27_norm_spliced.csv_x_ap_ent,SB05_Trial19_norm_spliced.csv_x_ap_ent,SB05_Trial06_norm_spliced.csv_x_ap_ent,SB05_Trial12_norm_spliced.csv_x_ap_ent,SB05_Trial20_norm_spliced.csv_x_ap_ent,SB05_Trial15_norm_spliced.csv_x_ap_ent,SB05_Trial11_norm_spliced.csv_x_ap_ent,SB05_Trial30_norm_spliced.csv_x_ap_ent,SB05_Trial24_norm_spliced.csv_x_ap_ent,SB05_Trial05_norm_spliced.csv_x_ap_ent,SB05_Trial21_norm_spliced.csv_x_ap_ent,SB05_Trial14_norm_spliced.csv_x_ap_ent,SB05_Trial31_norm_spliced.csv_x_ap_ent,SB05_Trial10_norm_spliced.csv_x_ap_ent,SB05_Trial04_norm_spliced.csv_x_ap_ent,SB05_Trial25_norm_spliced.csv_x_ap_ent,SB04_Trial06_norm_spliced.csv_x_ap_ent,SB04_Trial27_norm_spliced.csv_x_ap_ent,SB04_Trial19_norm_spliced.csv_x_ap_ent,SB04_Trial12_norm_spliced.csv_x_ap_ent,SB04_Trial16_norm_spliced.csv_x_ap_ent,SB04_Trial28_norm_spliced.csv_x_ap_ent,SB04_Trial09_norm_spliced.csv_x_ap_ent,SB04_Trial23_norm_spliced.csv_x_ap_ent,SB04_Trial02_norm_spliced.csv_x_ap_ent,SB04_Trial26_norm_spliced.csv_x_ap_ent,SB04_Trial18_norm_spliced.csv_x_ap_ent,SB04_Trial07_norm_spliced.csv_x_ap_ent,SB04_Trial13_norm_spliced.csv_x_ap_ent,SB04_Trial08_norm_spliced.csv_x_ap_ent,SB04_Trial17_norm_spliced.csv_x_ap_ent,SB04_Trial29_norm_spliced.csv_x_ap_ent,SB04_Trial03_norm_spliced.csv_x_ap_ent,SB04_Trial22_norm_spliced.csv_x_ap_ent,SB04_Trial10_norm_spliced.csv_x_ap_ent,SB04_Trial31_norm_spliced.csv_x_ap_ent,SB04_Trial25_norm_spliced.csv_x_ap_ent,SB04_Trial04_norm_spliced.csv_x_ap_ent,SB04_Trial21_norm_spliced.csv_x_ap_ent,SB04_Trial14_norm_spliced.csv_x_ap_ent,SB04_Trial30_norm_spliced.csv_x_ap_ent,SB04_Trial11_norm_spliced.csv_x_ap_ent,SB04_Trial05_norm_spliced.csv_x_ap_ent,SB04_Trial24_norm_spliced.csv_x_ap_ent,SB04_Trial20_norm_spliced.csv_x_ap_ent,SB04_Trial15_norm_spliced.csv_x_ap_ent,SB06_Trial24_norm_spliced.csv_x_ap_ent,SB06_Trial05_norm_spliced.csv_x_ap_ent,SB06_Trial11_norm_spliced.csv_x_ap_ent,SB06_Trial30_norm_spliced.csv_x_ap_ent,SB06_Trial15_norm_spliced.csv_x_ap_ent,SB06_Trial20_norm_spliced.csv_x_ap_ent,SB06_Trial04_norm_spliced.csv_x_ap_ent,SB06_Trial25_norm_spliced.csv_x_ap_ent,SB06_Trial31_norm_spliced.csv_x_ap_ent,SB06_Trial10_norm_spliced.csv_x_ap_ent,SB06_Trial14_norm_spliced.csv_x_ap_ent,SB06_Trial21_norm_spliced.csv_x_ap_ent,SB06_Trial13_norm_spliced.csv_x_ap_ent,SB06_Trial07_norm_spliced.csv_x_ap_ent,SB06_Trial26_norm_spliced.csv_x_ap_ent,SB06_Trial18_norm_spliced.csv_x_ap_ent,SB06_Trial22_norm_spliced.csv_x_ap_ent,SB06_Trial03_norm_spliced.csv_x_ap_ent,SB06_Trial17_norm_spliced.csv_x_ap_ent,SB06_Trial29_norm_spliced.csv_x_ap_ent,SB06_Trial08_norm_spliced.csv_x_ap_ent,SB06_Trial12_norm_spliced.csv_x_ap_ent,SB06_Trial27_norm_spliced.csv_x_ap_ent,SB06_Trial19_norm_spliced.csv_x_ap_ent,SB06_Trial06_norm_spliced.csv_x_ap_ent,SB06_Trial02_norm_spliced.csv_x_ap_ent,SB06_Trial23_norm_spliced.csv_x_ap_ent,SB06_Trial09_norm_spliced.csv_x_ap_ent,SB06_Trial16_norm_spliced.csv_x_ap_ent,SB06_Trial28_norm_spliced.csv_x_ap_ent,SB01_Trial08_norm_spliced.csv_x_ap_ent,SB01_Trial29_norm_spliced.csv_x_ap_ent,SB01_Trial17_norm_spliced.csv_x_ap_ent,SB01_Trial03_norm_spliced.csv_x_ap_ent,SB01_Trial22_norm_spliced.csv_x_ap_ent,SB01_Trial18_norm_spliced.csv_x_ap_ent,SB01_Trial26_norm_spliced.csv_x_ap_ent,SB01_Trial07_norm_spliced.csv_x_ap_ent,SB01_Trial13_norm_spliced.csv_x_ap_ent,SB01_Trial28_norm_spliced.csv_x_ap_ent,SB01_Trial16_norm_spliced.csv_x_ap_ent,SB01_Trial09_norm_spliced.csv_x_ap_ent,SB01_Trial23_norm_spliced.csv_x_ap_ent,SB01_Trial02_norm_spliced.csv_x_ap_ent,SB01_Trial06_norm_spliced.csv_x_ap_ent,SB01_Trial19_norm_spliced.csv_x_ap_ent,SB01_Trial27_norm_spliced.csv_x_ap_ent,SB01_Trial12_norm_spliced.csv_x_ap_ent,SB01_Trial20_norm_spliced.csv_x_ap_ent,SB01_Trial15_norm_spliced.csv_x_ap_ent,SB01_Trial30_norm_spliced.csv_x_ap_ent,SB01_Trial11_norm_spliced.csv_x_ap_ent,SB01_Trial05_norm_spliced.csv_x_ap_ent,SB01_Trial24_norm_spliced.csv_x_ap_ent,SB01_Trial21_norm_spliced.csv_x_ap_ent,SB01_Trial14_norm_spliced.csv_x_ap_ent,SB01_Trial10_norm_spliced.csv_x_ap_ent,SB01_Trial31_norm_spliced.csv_x_ap_ent,SB01_Trial25_norm_spliced.csv_x_ap_ent,SB01_Trial04_norm_spliced.csv_x_ap_ent,SB08_Trial12_norm_spliced.csv_x_ap_ent,SB08_Trial19_norm_spliced.csv_x_ap_ent,SB08_Trial27_norm_spliced.csv_x_ap_ent,SB08_Trial06_norm_spliced.csv_x_ap_ent,SB08_Trial02_norm_spliced.csv_x_ap_ent,SB08_Trial23_norm_spliced.csv_x_ap_ent,SB08_Trial09_norm_spliced.csv_x_ap_ent,SB08_Trial28_norm_spliced.csv_x_ap_ent,SB08_Trial16_norm_spliced.csv_x_ap_ent,SB08_Trial13_norm_spliced.csv_x_ap_ent,SB08_Trial07_norm_spliced.csv_x_ap_ent,SB08_Trial18_norm_spliced.csv_x_ap_ent,SB08_Trial26_norm_spliced.csv_x_ap_ent,SB08_Trial22_norm_spliced.csv_x_ap_ent,SB08_Trial03_norm_spliced.csv_x_ap_ent,SB08_Trial29_norm_spliced.csv_x_ap_ent,SB08_Trial17_norm_spliced.csv_x_ap_ent,SB08_Trial08_norm_spliced.csv_x_ap_ent,SB08_Trial04_norm_spliced.csv_x_ap_ent,SB08_Trial25_norm_spliced.csv_x_ap_ent,SB08_Trial31_norm_spliced.csv_x_ap_ent,SB08_Trial10_norm_spliced.csv_x_ap_ent,SB08_Trial14_norm_spliced.csv_x_ap_ent,SB08_Trial21_norm_spliced.csv_x_ap_ent,SB08_Trial24_norm_spliced.csv_x_ap_ent,SB08_Trial05_norm_spliced.csv_x_ap_ent,SB08_Trial11_norm_spliced.csv_x_ap_ent,SB08_Trial30_norm_spliced.csv_x_ap_ent,SB08_Trial15_norm_spliced.csv_x_ap_ent,SB08_Trial20_norm_spliced.csv_x_ap_ent
0.033654862,0.192138919,0.249256557,0.096782794,0.200099283,0.181382356,0.079993461,0.013777993,0.057170943,0.1635589,0.183038632,0.202744011,0.197510898,0.110436929,0.282473766,0.152663501,0.013270583,0.196266615,0.056382672,0.166560822,0.183917429,0.177776097,0.056830593,0.197589096,0.245049403,0.167624035,0.048330443,0.198025006,0.176293294,0.05265945,0.162040449,0.916543908,0.228366792,0.225842482,0.85459066,0.185221543,0.344753306,0.288974036,0.258930644,0.127665363,0.818516704,0.805329912,0.046910764,0.306284148,0.32457775,0.276971115,0.138772793,0.287963519,0.277876858,1.020398436,0.855994938,0.388362136,0.919594263,0.076497344,0.252620537,0.2225681,0.078453558,0.052550247,0.071003851,0.228334233,0.070711719,0.173042296,0.129074294,0.103065107,0.097598709,0.26956503,0.046405907,0.149113646,0.027460936,0.131406844,0.179614221,0.101484226,0.141593023,0.029390251,0.172262713,0.219771363,0.043016063,0.152889207,0.147706524,0.235948292,0.114934185,0.04144112,0.210309252,0.116393713,0.191474014,0.065422493,0.056769965,0.119457076,0.292639359,0.096264648,0.076970257,0.066664339,0.121494745,0.326610272,0.248691081,0.280789899,0.079543048,0.110666426,0.253840985,0.023815572,0.197923648,0.136672374,0.144728533,0.102111985,0.130729437,0.282363987,0.093703373,0.049128459,0.295826404,0.242858118,0.09712701,0.108649185,0.14723155,0.250509573,0.044281447,0.042257806,0.078775487,0.139699343,0.22879409,0.160532538,0.145256597,0.314286394,0.286749818,0.036224395,0.213950405,0.143099059,0.132371732,0.039894678,0.12027679,0.101836625,0.181895869,0.068751171,0.170419407,0.031113615,0.053491503,0.177876624,0.213004897,0.066187225,0.15280422,0.102549269,0.213878955,0.0297647,0.034068266,0.114867702,0.175878684,0.106499655,0.063688698,0.230669627,0.120144029,0.014358786,0.250865296,0.226551484,0.159482402,0.088849395,0.074414832,0.124517185,0.127663347,0.222331272,0.087884242,0.107946258,0.038122631,0.170947792,0.102041803,0.087155989,0.03056735,0.24160613,0.334555604,0.136315803,0.084415127,0.14642099,0.249399089,0.142214644,0.19226396,0.111741143,0.082811903,0.056381939,0.113894271,0.34791511,0.163559321,0.127172123
0.03846802,0.15917854,0.173965519,0.112381299,0.120618625,0.165321005,0.089902868,0.070350143,0.089504405,0.083714931,0.250470916,0.147039455,0.090068244,0.115612624,0.207929855,0.140761429,0.010425538,0.315368283,0.054434603,0.153522301,0.230465851,0.199092922,0.045622898,0.172938476,0.264091957,0.145147888,0.046447962,0.195084769,0.098575413,0.04108186,0.224770149,0.878048181,0.145420277,0.200752077,0.791552536,0.123040293,0.329136087,0.35049734,0.179077827,0.084210562,0.7036897,0.886427186,0.063642712,0.168440065,0.342570036,0.311687482,0.118667894,0.232876802,0.29149414,1.095896568,0.850617582,0.367677395,1.106574363,0.053102517,0.191906359,0.247184451,0.068801842,0.0700456,0.050700247,0.258080975,0.029813299,0.219354078,0.168790559,0.092024241,0.128562379,0.25508074,0.041541716,0.219440892,0.038371117,0.188345448,0.231844937,0.090022351,0.183044403,0.04590356,0.145617046,0.146777218,0.046453144,0.126626222,0.04573859,0.278045639,0.193873112,0.064858836,0.169067073,0.203955538,0.239922894,0.061659356,0.053651782,0.105619856,0.240692022,0.081733438,0.079733699,0.049928179,0.120743836,0.247226165,0.130914214,0.209076674,0.054104365,0.140506017,0.238589638,0.060923893,0.188207412,0.152853607,0.169080801,0.100080244,0.139183544,0.262496791,0.063880467,0.072295677,0.272398418,0.187891976,0.141267161,0.08815869,0.152649564,0.248919606,0.040704506,0.068353075,0.061083461,0.054094529,0.22933684,0.118563098,0.148448807,0.246999874,0.223685637,0.023671089,0.211559327,0.128360131,0.252484202,0.01955569,0.147887433,0.147932891,0.195394489,0.039670911,0.141931601,0.051390317,0.054649274,0.173936287,0.236997552,0.103126033,0.162252138,0.110739149,0.240577201,0.02512351,0.02475866,0.072384978,0.177501343,0.176649582,0.070141575,0.218245784,0.101260201,0.01592145,0.262799865,0.300157429,0.226514826,0.07635489,0.045697325,0.104352166,0.132492873,0.214912348,0.105763557,0.104086367,0.060816168,0.236907139,0.087490851,0.147256266,0.053259459,0.221337512,0.297672376,0.147096477,0.074761658,0.216791766,0.211480637,0.09506932,0.1848678,0.159978675,0.071744451,0.051895654,0.108019928,0.314940035,0.128703564,0.17834932
0.053427975,0.124875379,0.174799568,0.095009862,0.133248535,0.202707706,0.153728271,0.063144681,0.081642894,0.080514021,0.233254411,0.146118322,0.053683845,0.190369099,0.186275007,0.061746895,0.01928681,0.301463026,0.060975313,0.203902577,0.141779081,0.138934934,0.025598054,0.190022679,0.136627192,0.105589676,0.058379061,0.102544229,0.069629593,0.028141694,0.262580445,0.99565115,0.079796872,0.130431335,0.698685203,0.146651043,0.316801215,0.355036641,0.231450137,0.082356687,0.623754332,0.806738159,0.041467232,0.072851676,0.344222171,0.32800116,0.105993924,0.153661811,0.326376733,1.057000423,0.919812142,0.344389056,1.246646805,0.037692344,0.108470279,0.188153109,0.056771425,0.078487366,0.033938334,0.197729521,0.049549246,0.244212116,0.242424331,0.096705714,0.153800768,0.263632432,0.052661446,0.205087614,0.047311338,0.244917192,0.206652613,0.072899621,0.156791856,0.052433596,0.258024988,0.163404499,0.013042409,0.112870961,0.052755815,0.297624874,0.206467792,0.057518769,0.152886649,0.265490251,0.19739461,0.075633935,0.051695972,0.13120861,0.192841823,0.080390156,0.101047803,0.078400208,0.079889596,0.173958758,0.134371416,0.164190654,0.053533737,0.14920707,0.16492,0.041410647,0.133081955,0.176323918,0.184034854,0.11711341,0.136395821,0.304299355,0.054822181,0.065702667,0.268146702,0.149942623,0.095270892,0.078412173,0.197297303,0.299001678,0.07873661,0.064749588,0.118794629,0.041381539,0.285338184,0.133339412,0.116568237,0.200447605,0.126337574,0.035493817,0.284486975,0.220190522,0.333739958,0.059737385,0.131291481,0.271222473,0.157461413,0.082731688,0.049776849,0.049127305,0.026229279,0.137917284,0.150473317,0.163994866,0.167410046,0.086396325,0.297152437,0.046492563,0.031081921,0.033304035,0.170586737,0.178184783,0.031149628,0.157695383,0.054451751,0.032220035,0.180974046,0.230951201,0.22893676,0.072675835,0.058911207,0.104507801,0.142447514,0.216105056,0.077956679,0.097596962,0.051754227,0.186717685,0.084090453,0.136265509,0.053529593,0.156065577,0.209422606,0.100337965,0.065196321,0.104929872,0.257944729,0.096965095,0.129490663,0.067325927,0.10042382,0.038524839,0.069126157,0.188244911,0.183170255,0.265524074
0.041082189,0.105597673,0.130873442,0.087314081,0.113760304,0.091416132,0.147148018,0.053091221,0.047703891,0.096090203,0.246181368,0.127299964,0.062561121,0.256005558,0.149525668,0.056170451,0.036337665,0.212324865,0.050288588,0.149850373,0.094724135,0.08434248,0.081921816,0.230444326,0.14834558,0.120782195,0.034419442,0.106484414,0.091645588,0.035891922,0.264548502,1.058817872,0.11525839,0.165183055,0.649982146,0.11912719,0.301541329,0.351860162,0.296115235,0.074005311,0.695609628,0.932588031,0.035674153,0.183237098,0.315984802,0.295536618,0.074517502,0.121295821,0.257206823,1.060390638,0.970175055,0.210854896,1.118512751,0.047754584,0.114771701,0.164988234,0.051254068,0.067714913,0.046149295,0.168929743,0.05208428,0.278628939,0.216986798,0.090791198,0.163000607,0.300319511,0.056813653,0.185262973,0.050383387,0.231768843,0.132731656,0.099416872,0.118371932,0.055221794,0.369067642,0.248737347,0.048270357,0.097313721,0.065766758,0.300951417,0.119963285,0.080227578,0.097704587,0.20507866,0.198808509,0.083191837,0.031034052,0.128068936,0.20059939,0.08841224,0.121544115,0.060626796,0.059362818,0.22242668,0.068700962,0.230404291,0.082126205,0.21497803,0.09049628,0.063449932,0.128439529,0.205443059,0.193339369,0.083460047,0.128803948,0.340016352,0.050439587,0.034944684,0.212398763,0.229966249,0.018697245,0.11792685,0.187168781,0.183775807,0.061772707,0.042077238,0.080342597,0.019060665,0.205520327,0.127474495,0.125297353,0.178552797,0.202054868,0.035661684,0.160685832,0.192039049,0.244755559,0.038472232,0.071971339,0.319129155,0.120716029,0.092322016,0.061130583,0.014309847,0.043019796,0.136978206,0.107720137,0.149064869,0.301187259,0.078978304,0.300331865,0.065507042,0.041345346,0.053434174,0.170572344,0.229312369,0.04100421,0.178178497,0.051046996,0.050643197,0.161418551,0.212939238,0.235395327,0.046783115,0.050555733,0.089505626,0.206443795,0.284318798,0.131883482,0.097456964,0.106736013,0.186910627,0.214937648,0.078288787,0.054752987,0.20091389,0.214947999,0.11569327,0.056174966,0.084388181,0.236379525,0.123470514,0.134910159,0.031503233,0.094177457,0.029428648,0.070457984,0.160494771,0.204811548,0.251385315
0.031708397,0.118614215,0.138915459,0.0670357,0.128983188,0.121258869,0.156065171,0.064223243,0.037564304,0.090345668,0.26993005,0.074266632,0.105651818,0.248629465,0.220611824,0.098505536,0.045999897,0.182006286,0.084604382,0.10018415,0.202716985,0.125564585,0.11949315,0.222961516,0.233388145,0.079934858,0.029071646,0.12043864,0.125931726,0.046456336,0.27569689,1.079296048,0.187255424,0.22566788,0.570630535,0.127433298,0.278187012,0.339592507,0.237930344,0.097005848,0.939437476,1.090933232,0.039774438,0.25695204,0.291124624,0.241390581,0.112523257,0.27058759,0.295889911,0.927881397,0.994733171,0.282677579,0.990960736,0.037686067,0.217015283,0.122268965,0.058561124,0.05397631,0.03828272,0.265996313,0.026509852,0.274009809,0.214979858,0.081695028,0.133399659,0.317561403,0.053769918,0.171378569,0.037449119,0.227144528,0.097914351,0.090657711,0.244297076,0.03480491,0.240473396,0.258193252,0.033868151,0.115405723,0.082769145,0.275525802,0.129438449,0.065209093,0.102831238,0.175699782,0.224824242,0.066317608,0.054812405,0.173339795,0.180986585,0.119568549,0.167692906,0.024114533,0.064046484,0.267758596,0.073522959,0.285444022,0.084709675,0.135064307,0.129777229,0.093647331,0.161259405,0.241854407,0.203821182,0.063949896,0.116026617,0.265967492,0.117671736,0.0364649,0.191656358,0.25753924,0.053053643,0.122167819,0.172729716,0.230829242,0.088398273,0.03504399,0.116729163,0.109223659,0.13846372,0.155621406,0.066376824,0.257370281,0.150047163,0.048866421,0.083643463,0.148982601,0.11703263,0.087412569,0.080614454,0.360465686,0.092753433,0.069911879,0.106614927,0.023136045,0.039646478,0.146664458,0.11282918,0.087741615,0.291944969,0.088775717,0.281573507,0.053421677,0.043635002,0.084489869,0.164100637,0.213782508,0.062814112,0.175219404,0.127869477,0.062570528,0.079019558,0.220143529,0.190775799,0.058540849,0.043477702,0.072839061,0.122651721,0.345794833,0.091762841,0.182315636,0.181366729,0.210379079,0.219141898,0.060187748,0.069173529,0.236261268,0.273287176,0.0817552,0.033996009,0.065754844,0.137678499,0.049251334,0.121124055,0.163776733,0.140832669,0.037292891,0.080843966,0.18234379,0.210605747,0.25312984
0.040493224,0.194863229,0.117507194,0.083418459,0.170206547,0.189926532,0.103430086,0.06447714,0.051010339,0.062174139,0.197802931,0.100686463,0.156318352,0.156464313,0.191753268,0.078021708,0.044192815,0.151468642,0.074340566,0.090683519,0.274352373,0.193651274,0.081787865,0.353757483,0.106581423,0.102623611,0.052011864,0.0511305,0.169247519,0.046744683,0.276865341,1.032588973,0.17615983,0.249902277,0.627318752,0.090523942,0.281392758,0.325607494,0.280111095,0.092620526,1.012088828,1.048726276,0.085487588,0.260410942,0.372864232,0.304705651,0.148944616,0.349634488,0.255689708,0.877119079,1.101178571,0.259230124,0.99021165,0.032933783,0.249500298,0.161003222,0.054314348,0.063509362,0.023722757,0.261687394,0.041648721,0.250329771,0.207236613,0.117229202,0.107887019,0.273233093,0.048778484,0.135897785,0.014830443,0.30224481,0.089682705,0.056623796,0.254166202,0.038508554,0.185029744,0.188193934,0.043209504,0.087580833,0.062966508,0.206270581,0.16612454,0.047106311,0.168552904,0.159410455,0.168211733,0.073249713,0.061018354,0.146108844,0.225646749,0.211535039,0.182078182,0.033301267,0.063674276,0.239445976,0.105064942,0.24259586,0.064314589,0.140725039,0.175559198,0.064864055,0.196346368,0.197464347,0.218594019,0.085398641,0.085984317,0.231511325,0.178311467,0.050648388,0.276162108,0.322599726,0.012226093,0.11421004,0.168950881,0.172400944,0.066472344,0.054816735,0.103117157,0.017239633,0.109221548,0.201182255,0.064514641,0.268110386,0.10852799,0.025917536,0.06258164,0.152237752,0.198725846,0.069226193,0.212574577,0.266392418,0.129773453,0.049823575,0.085468926,0.02369059,0.026989968,0.13972675,0.18169087,0.080609069,0.12726717,0.1058436,0.318887973,0.035437703,0.034536166,0.074028465,0.181541815,0.072166341,0.050218445,0.166679101,0.120367776,0.028438237,0.101565035,0.157094657,0.230101,0.044806757,0.064077481,0.092136941,0.151204627,0.214274612,0.070511201,0.170755067,0.102491347,0.174703123,0.117916958,0.042923673,0.078799964,0.147335735,0.302269029,0.115024845,0.03207449,0.111115027,0.195349742,0.074681842,0.151122591,0.278238051,0.194096808,0.025381823,0.062693252,0.184728318,0.158781241,0.262845979
0.024789331,0.190666991,0.164782881,0.101653023,0.202385297,0.208215639,0.149323177,0.034476803,0.031160841,0.071915497,0.186371929,0.100244746,0.073805874,0.19515707,0.094773614,0.06149329,0.054924768,0.10097252,0.045473054,0.145885729,0.201151716,0.228319921,0.041196663,0.261820299,0.134012377,0.114604825,0.055837696,0.052000443,0.159366502,0.03473152,0.25364981,1.021873006,0.154914196,0.216341633,0.681935106,0.132353937,0.331670209,0.319653146,0.243835481,0.081718588,0.979964813,0.837844627,0.090225684,0.262642534,0.241098107,0.353735284,0.117389813,0.277487056,0.360883359,0.899572256,1.050903011,0.352767473,0.974875961,0.040952865,0.270675062,0.205654556,0.052766211,0.045282833,0.06998661,0.262623435,0.045450925,0.337855044,0.156546689,0.116490446,0.115175073,0.256514681,0.049458708,0.106743736,0.052679664,0.232106783,0.140858527,0.065024808,0.1184366,0.04194315,0.228219249,0.128717611,0.041143938,0.097358976,0.03768644,0.181227712,0.164203043,0.030081111,0.273498842,0.20259749,0.159656818,0.065565115,0.048079542,0.179341492,0.189209977,0.230835257,0.123610275,0.020053094,0.038831964,0.191583519,0.101075879,0.231877165,0.047664557,0.150887749,0.138332229,0.025225237,0.139769359,0.10593397,0.219061383,0.027181837,0.05459664,0.280448418,0.128872619,0.074914461,0.290572677,0.196406257,0.04461668,0.095791663,0.163530678,0.202699028,0.072745477,0.083545384,0.130202841,0.063005708,0.085252414,0.208183589,0.063537411,0.191921807,0.101486718,0.0392823,0.132324661,0.119258808,0.185205797,0.026146266,0.247577942,0.221433056,0.154554547,0.032643657,0.065368921,0.030255523,0.033988066,0.201569214,0.198525841,0.102728295,0.086466863,0.116287125,0.304311701,0.026897414,0.042283315,0.076627669,0.214556374,0.126723599,0.029490211,0.162496906,0.079248997,0.022583996,0.117981644,0.160789462,0.269513948,0.066784326,0.072975847,0.148001151,0.140010283,0.28997324,0.102752295,0.078541748,0.069796221,0.218082095,0.112275547,0.085759416,0.081558567,0.1507907,0.317024159,0.106726316,0.018899899,0.196194812,0.227404415,0.083043899,0.09124148,0.298386085,0.095599964,0.025745238,0.027796864,0.125366311,0.119629762,0.301779053
0.011045056,0.089149621,0.199698006,0.129839885,0.210091969,0.091751639,0.120654976,0.067054578,0.036803637,0.082013107,0.209210947,0.144696197,0.056441056,0.313257605,0.114774598,0.09093006,0.048609949,0.183161406,0.081087488,0.175408496,0.204274402,0.050890736,0.051862045,0.244369792,0.097046022,0.122567026,0.042437672,0.072998518,0.125469001,0.054565133,0.21569959,1.091321746,0.123039788,0.215105116,0.822133743,0.132058586,0.415723108,0.240165979,0.185636237,0.096223205,0.787263006,0.794275092,0.056613715,0.198298525,0.319421399,0.332020834,0.127214477,0.235288818,0.381014889,1.035527267,0.973438588,0.277032063,1.034262645,0.026762658,0.212082991,0.223736569,0.037108,0.049965101,0.091117131,0.218150478,0.03836856,0.382341035,0.149600941,0.129326676,0.112982145,0.269102197,0.046788128,0.143774749,0.04159174,0.189855381,0.15426094,0.080698556,0.145143253,0.021377288,0.235172137,0.114694053,0.046531391,0.132306354,0.017019193,0.217159063,0.201147667,0.067608228,0.254363475,0.126701907,0.301598555,0.041396043,0.0249248,0.190688005,0.173831548,0.151175358,0.126612857,0.021187463,0.106150633,0.217783961,0.053424361,0.2620682,0.045133051,0.145716124,0.198004013,0.069581132,0.069318327,0.155645586,0.216209687,0.08747807,0.064649935,0.188599589,0.129319775,0.050218273,0.240565486,0.168368613,0.037089287,0.111401841,0.136026395,0.201370093,0.053311284,0.070834653,0.138951309,0.061427508,0.110623376,0.153232696,0.025748015,0.186016707,0.079134251,0.038328447,0.176229056,0.117348156,0.102614377,0.068286844,0.192587767,0.14994798,0.083766229,0.032643392,0.117237277,0.025022392,0.027320051,0.186144534,0.172324462,0.125677666,0.082879931,0.06931523,0.191633477,0.030687055,0.046854996,0.071473464,0.172267025,0.139907906,0.050826326,0.119121,0.090810637,0.028594255,0.118795463,0.134130542,0.225266578,0.061188111,0.096455245,0.119807996,0.072352892,0.269258015,0.10810439,0.103351894,0.082490919,0.320262227,0.101952256,0.165528756,0.085814743,0.229374156,0.199092787,0.080662748,0.029900274,0.152177089,0.186080882,0.064435754,0.076125301,0.298224135,0.048701204,0.06575072,0.038505482,0.121395658,0.109670902,0.258062808
0.032777982,0.047178489,0.19263606,0.066071627,0.138184993,0.058566488,0.089836958,0.082691181,0.041390367,0.103689627,0.213529469,0.190071058,0.06088853,0.349126612,0.093096898,0.107000526,0.049575793,0.192660607,0.050881003,0.130443235,0.218989659,0.111592418,0.031478992,0.238828521,0.114429279,0.098491822,0.043216574,0.091158865,0.156492556,0.016184481,0.246822051,1.018832904,0.14719382,0.282070246,0.862875171,0.10668906,0.389145885,0.242646754,0.1694784,0.201565916,0.801904497,0.962579357,0.069648239,0.173707483,0.359906517,0.257284628,0.10089812,0.231031558,0.227628229,0.929153732,0.920424767,0.323286186,0.937044543,0.027043329,0.159642499,0.198549538,0.03544251,0.049995222,0.080198216,0.223102814,0.043021976,0.273996069,0.135988652,0.178572547,0.087950891,0.225872085,0.060839719,0.204458132,0.017206178,0.155802246,0.09866819,0.059938287,0.112914584,0.023406122,0.208762681,0.104344972,0.035363948,0.128925361,0.053055073,0.238213203,0.216552987,0.069885171,0.273416668,0.155376742,0.261617451,0.030295122,0.05326443,0.212897968,0.110986986,0.124708073,0.168698006,0.016515744,0.107895092,0.213472056,0.080076724,0.319990892,0.048800605,0.099287448,0.236503291,0.070510748,0.096676156,0.261602766,0.203786609,0.107642158,0.052849413,0.150582255,0.115563359,0.045783447,0.263865189,0.130386211,0.069688849,0.137727587,0.133469747,0.087139468,0.058255945,0.119703922,0.100358843,0.094065142,0.116779994,0.210873458,0.065904248,0.146052113,0.121671823,0.045489973,0.106187879,0.129826184,0.078227097,0.081401817,0.167958861,0.251939784,0.149375191,0.078080397,0.130786415,0.02162389,0.020761032,0.106655625,0.170653011,0.21831089,0.073634467,0.088582266,0.225184357,0.03575368,0.033317296,0.054308376,0.212595277,0.075856613,0.040726215,0.117150953,0.11558542,0.028664969,0.137194535,0.184520676,0.263240977,0.035263582,0.064839557,0.108749999,0.120704329,0.291875122,0.097324943,0.118294133,0.090364977,0.246167761,0.113308561,0.151887349,0.07216253,0.229133426,0.2408151,0.104079867,0.053848267,0.072128192,0.188277174,0.083777585,0.078009354,0.187503135,0.052036232,0.060854504,0.077282383,0.166491291,0.111749542,0.311073033
0.030757527,0.09418577,0.127092098,0.03239282,0.267207119,0.186878959,0.084728948,0.049543304,0.031741994,0.100867589,0.19220554,0.204310427,0.085143016,0.306506466,0.095872541,0.020158875,0.064376349,0.070025575,0.058196885,0.11796776,0.198597017,0.145976859,0.051104707,0.213967734,0.154944465,0.125043683,0.035295491,0.085887726,0.208913591,0.026324818,0.162793829,1.015883545,0.136798766,0.293263035,0.824950003,0.09443533,0.288891003,0.260089128,0.180904962,0.166939138,0.780938533,0.936794755,0.023338577,0.199914353,0.306639631,0.270401865,0.081135482,0.242800067,0.24734161,0.972865503,1.065776798,0.314915798,0.741504357,0.056486903,0.146114114,0.218690303,0.046545949,0.035135193,0.071511695,0.165927569,0.052263422,0.293814456,0.11227068,0.221295599,0.197496493,0.168508846,0.04495595,0.172048606,0.014848959,0.189889308,0.118525492,0.027636041,0.09203425,0.014021247,0.209520366,0.149781641,0.027558532,0.219417126,0.054536937,0.173537678,0.183963488,0.043071225,0.220202479,0.15690755,0.192589077,0.033866486,0.048804264,0.222996075,0.091702533,0.151606661,0.284945066,0.061235306,0.072011631,0.216081051,0.114486048,0.271327466,0.071135343,0.119156961,0.20655162,0.10090039,0.082329295,0.313798007,0.158770982,0.05451218,0.063205948,0.136110633,0.049015009,0.05002194,0.316136187,0.179760573,0.014482905,0.089333509,0.20145721,0.108047211,0.040646384,0.04314287,0.083725296,0.082784542,0.146767141,0.159075665,0.060742078,0.113367736,0.157317908,0.047603996,0.09295506,0.119262121,0.069891206,0.043138697,0.256965787,0.287456662,0.234110856,0.094328949,0.134148913,0.013577502,0.018249542,0.091381395,0.107462362,0.190278911,0.158760182,0.111273261,0.26730956,0.031081788,0.044172948,0.069682185,0.161476942,0.073198346,0.047724329,0.128817448,0.157063901,0.026586755,0.137069374,0.187588474,0.156017995,0.047372126,0.04516529,0.139801483,0.097252191,0.26705637,0.105613156,0.115195337,0.08255726,0.219624851,0.131077164,0.098205665,0.0493698,0.197383331,0.242156971,0.187145013,0.051148229,0.079986254,0.163959035,0.100101447,0.101943305,0.208167721,0.164166051,0.035276425,0.027369872,0.173090484,0.122939608,0.360241643
0.02708121,0.108293136,0.090234392,0.028005766,0.224905705,0.211786253,0.083024589,0.05220404,0.015603516,0.072934917,0.155121626,0.183770554,0.211905159,0.207169549,0.062155324,0.074927676,0.031566406,0.063363164,0.070094231,0.105698761,0.256957629,0.09556953,0.01589261,0.151751345,0.121242357,0.170379761,0.051250791,0.109164494,0.199748936,0.072782299,0.279080722,0.968253788,0.055959362,0.256003763,0.757223315,0.092796878,0.326187969,0.360235035,0.219868778,0.064404182,0.767112658,0.94087581,0.014413551,0.169985832,0.275805657,0.271985978,0.079413122,0.264822909,0.307043225,1.045715966,1.33928793,0.305301134,0.833452816,0.050544449,0.229386979,0.236189957,0.047469511,0.019249999,0.045050129,0.275595133,0.030590854,0.292160178,0.216649091,0.210363036,0.227118351,0.233805429,0.032939834,0.098024892,0.01301581,0.206324734,0.08402498,0.07198937,0.131599278,0.060810658,0.276994056,0.222794661,0.027661,0.288640223,0.038187568,0.127478069,0.115397135,0.042637487,0.245881019,0.126537238,0.165139424,0.045859559,0.04700115,0.190934526,0.101868639,0.158023541,0.148036336,0.069528544,0.132526494,0.175887377,0.159166932,0.184338494,0.082681683,0.16770189,0.249715301,0.087808073,0.136814122,0.224825847,0.134580957,0.065924636,0.10955242,0.195162346,0.089342882,0.042192327,0.233527044,0.153483963,0.076367568,0.108642922,0.18354442,0.12654872,0.051079619,0.045257233,0.077324036,0.077309276,0.146699932,0.080824688,0.041357712,0.141463211,0.188680882,0.033902316,0.092484463,0.090943982,0.077328828,0.038320063,0.174240789,0.249247039,0.176440437,0.074340733,0.122359131,0.013895487,0.01764115,0.090547517,0.116712654,0.093339182,0.220360017,0.109249384,0.212120067,0.041534197,0.032255866,0.066504079,0.183023646,0.043238572,0.054280536,0.14804375,0.132067093,0.020504391,0.182992995,0.160397052,0.169415364,0.01247892,0.047271788,0.090494766,0.044395091,0.231597362,0.103182934,0.087078364,0.118059724,0.231382438,0.12710611,0.106288109,0.037427138,0.204718897,0.261400066,0.18768856,0.068332295,0.08407603,0.149782627,0.076998706,0.147905144,0.249497492,0.219231162,0.038681255,0.061476379,0.1171101,0.16104329,0.20526134
0.040661456,0.07133447,0.086724655,0.024465904,0.093387178,0.186689913,0.080232236,0.038707527,0.016924276,0.055569249,0.148380438,0.168433493,0.233048631,0.236674611,0.17928964,0.068393602,0.060503276,0.067420231,0.028114942,0.13082809,0.255115658,0.091347528,0.020546484,0.179957708,0.09538544,0.269088241,0.084577302,0.152285993,0.098598661,0.064152198,0.306416353,0.878101445,0.073880401,0.199078311,0.661458459,0.059020242,0.295060595,0.325931815,0.193377654,0.049974937,0.894416955,0.957881246,0.077792615,0.122332122,0.333386144,0.229865918,0.0878373,0.285840378,0.25330742,1.096483364,1.427392034,0.317852944,1.038981792,0.02752095,0.242272032,0.181884051,0.044492179,0.05456667,0.042923315,0.171979324,0.038149798,0.180059222,0.25103742,0.127549342,0.127924479,0.23017532,0.057851918,0.162110302,0.032751328,0.13748468,0.104933756,0.084237117,0.121629338,0.069758318,0.30767542,0.256582356,0.019776192,0.212305138,0.032353321,0.156927271,0.195567124,0.046630321,0.268237878,0.153096544,0.171780296,0.039820616,0.044054685,0.127044903,0.138247369,0.166561942,0.129394748,0.038120461,0.160648302,0.130099472,0.133868171,0.172689569,0.145879667,0.199106399,0.265202175,0.162718855,0.210107421,0.174741517,0.126946687,0.191299659,0.134676667,0.236294423,0.102267067,0.047835009,0.181491679,0.100640936,0.047725377,0.120625548,0.099273087,0.135704274,0.045360886,0.047247877,0.073746514,0.067108902,0.085020831,0.082932453,0.035026632,0.297424303,0.145836091,0.019593783,0.124954943,0.168674268,0.146501938,0.025213663,0.11559907,0.253555855,0.159454702,0.061467012,0.060763114,0.01785647,0.021233826,0.085168489,0.134425032,0.086669209,0.173059881,0.149572668,0.175740335,0.033933337,0.012894908,0.11160674,0.268770716,0.085939341,0.03466407,0.112861126,0.087569082,0.042048765,0.10726775,0.28631154,0.24910169,0.032421419,0.036843061,0.055738726,0.102010029,0.172556766,0.081996793,0.06100501,0.134898675,0.28968682,0.144358613,0.101161016,0.051501262,0.179046097,0.145198587,0.16611159,0.046929958,0.074473163,0.236176686,0.054977643,0.163871941,0.262808048,0.177573958,0.034775424,0.087955696,0.109516061,0.091185637,0.144555002
0.019458633,0.075780594,0.093309246,0.024161103,0.101667325,0.204851506,0.075365821,0.042478469,0.042796952,0.124149857,0.063775377,0.244776667,0.096913477,0.208849804,0.270053982,0.079236579,0.064291785,0.093522706,0.040736622,0.075499715,0.180486186,0.146718065,0.010670529,0.25600404,0.069395188,0.241473117,0.048237679,0.150929991,0.080744475,0.030454051,0.232612421,0.993706052,0.060670204,0.19734877,0.576329088,0.061842792,0.288051026,0.243209814,0.143709607,0.023604627,1.053809154,0.878156812,0.013290898,0.292606302,0.219774337,0.315949845,0.128844189,0.280958302,0.330565835,1.107228575,1.149775832,0.318308837,1.14363811,0.014891846,0.224379679,0.213400289,0.037743146,0.015844482,0.040528621,0.155812141,0.044272674,0.268371528,0.207165942,0.104857464,0.175575365,0.14543621,0.062385752,0.124740857,0.063510918,0.125176961,0.110859013,0.048425473,0.111886001,0.054438246,0.336860808,0.239493283,0.038287396,0.078690037,0.041457871,0.174608485,0.252848949,0.045130661,0.270567479,0.201044522,0.334833472,0.043688616,0.02451133,0.12436258,0.149611682,0.134332093,0.187374648,0.067957463,0.143402932,0.110757966,0.042453887,0.177301369,0.154804564,0.217472466,0.238740151,0.149645644,0.260882504,0.238153517,0.076625264,0.013602014,0.158441988,0.176531838,0.062065993,0.054714875,0.167709918,0.171336906,0.108822509,0.112442098,0.092953811,0.23926031,0.028339267,0.076690858,0.103881142,0.018959014,0.1851841,0.0831937,0.022647701,0.266828598,0.085194433,0.015237264,0.100281781,0.186752795,0.189317858,0.023768763,0.140812609,0.17961562,0.129828654,0.050977382,0.054862869,0.039423103,0.01139584,0.104940859,0.109652772,0.103580241,0.151307557,0.178958283,0.180521517,0.022933606,0.015284769,0.137321078,0.240239332,0.111872068,0.055968823,0.06185994,0.090663219,0.044631636,0.115360689,0.276700792,0.283539958,0.037980474,0.031838137,0.102673599,0.083787407,0.149767004,0.085646101,0.127957248,0.109703745,0.301672074,0.161716779,0.089518988,0.039051757,0.126619513,0.210540276,0.096247877,0.036536682,0.097503649,0.177174009,0.054517459,0.139639742,0.206509497,0.133811823,0.049895193,0.103194424,0.094259968,0.16107765,0.124878298
0.030744582,0.058811745,0.12014463,0.033147312,0.112868325,0.191927636,0.133832551,0.036628446,0.065380468,0.105539401,0.134175495,0.263599654,0.125892511,0.220857071,0.118278268,0.135030765,0.06208219,0.063409792,0.044547101,0.084310836,0.183564425,0.102770092,0.023232328,0.218996441,0.092359702,0.112671801,0.023160414,0.220369643,0.101119168,0.032117045,0.217585607,1.079753271,0.046531583,0.242144977,0.583284785,0.05443433,0.281966491,0.219825832,0.124393844,0.070904955,0.949981901,0.968611895,0.035284103,0.317190572,0.261989464,0.312161082,0.126250134,0.372560132,0.320286513,0.923230377,1.059876739,0.269262359,1.12681362,0.031005372,0.254484129,0.23648485,0.025622151,0.039202163,0.043202564,0.270769257,0.057713087,0.320839142,0.267641277,0.101591063,0.173439944,0.154209922,0.040791407,0.104343363,0.075432141,0.11187085,0.114372337,0.030857259,0.099833344,0.029246426,0.249053577,0.185847527,0.04692242,0.089050085,0.056026558,0.204719149,0.219320559,0.026732083,0.206679213,0.167742914,0.275471483,0.033891753,0.049091781,0.107939353,0.287635489,0.102195785,0.19864633,0.089009326,0.083979633,0.123944377,0.044238707,0.182106161,0.09234493,0.158901686,0.194163258,0.080365512,0.331972687,0.232163416,0.168949654,0.072687684,0.18653806,0.187765976,0.073749417,0.02874939,0.104759861,0.166128178,0.163843371,0.133905139,0.140645572,0.147012656,0.062296339,0.066825651,0.103440298,0.046320239,0.245315855,0.171260278,0.025565272,0.276611443,0.101847834,0.026160456,0.074747136,0.224334075,0.186677415,0.062104585,0.121382191,0.223421721,0.059586453,0.033885636,0.072848048,0.031188314,0.031133004,0.105690463,0.131445475,0.111256019,0.116894739,0.101523685,0.161472887,0.017827102,0.013605527,0.099639796,0.146552852,0.120966453,0.042967955,0.086020972,0.094199007,0.03668463,0.136563347,0.227406476,0.219708406,0.044784646,0.023721424,0.090305348,0.082856785,0.157480603,0.087609676,0.226715755,0.049268236,0.247596272,0.130983527,0.053681185,0.046441855,0.152584493,0.194240015,0.111697091,0.033113278,0.068513511,0.152044348,0.034258184,0.072506467,0.153511654,0.091402448,0.051939357,0.088790775,0.156878708,0.198487659,0.12527522
0.038768813,0.077873137,0.132228176,0.055723838,0.108203804,0.22912052,0.113340954,0.034103583,0.033938267,0.070081706,0.179020971,0.146815732,0.159316203,0.240917717,0.12068312,0.052419495,0.060852593,0.059671657,0.028632149,0.138268001,0.149821403,0.129119976,0.037674566,0.147996596,0.083842153,0.084192139,0.060110397,0.194345031,0.092787505,0.02802372,0.212050858,1.022130772,0.079982084,0.216512123,0.645433447,0.067406848,0.199015473,0.341775446,0.23535392,0.106033528,0.743279064,0.880454259,0.026575917,0.290973146,0.226965957,0.212760479,0.101852195,0.310985856,0.333271469,0.907447565,1.035841719,0.216476839,1.074650076,0.042548691,0.261366013,0.283825967,0.04468251,0.050884077,0.037261626,0.278321542,0.05536312,0.320369413,0.171488459,0.131329646,0.116715337,0.165904363,0.05270397,0.121377701,0.054331453,0.172190537,0.106063469,0.042365978,0.125784582,0.028142706,0.223751506,0.200576278,0.021964407,0.181119525,0.034600685,0.181439583,0.193940274,0.03228912,0.131026126,0.105008257,0.246311663,0.056821255,0.039604697,0.111486759,0.273532846,0.16791679,0.226192262,0.06402806,0.093436395,0.194681139,0.14576043,0.29005262,0.065954768,0.11212658,0.160096335,0.050646774,0.291846649,0.291303123,0.229003381,0.105199237,0.126984671,0.248383936,0.149002308,0.038733352,0.258928509,0.123647219,0.106282981,0.162250023,0.181908863,0.255082041,0.054308149,0.036516331,0.08845058,0.055900304,0.246844491,0.219726465,0.03463366,0.295570402,0.089331991,0.031168785,0.094116879,0.301646732,0.147842089,0.086294831,0.112625156,0.23043033,0.092530356,0.038674082,0.075527754,0.031143168,0.030382263,0.109155955,0.140721289,0.102139667,0.135155803,0.065347998,0.172142061,0.030418773,0.058744828,0.157308937,0.180772078,0.103595741,0.037987952,0.186241822,0.074256773,0.021466734,0.145903414,0.171379416,0.235026685,0.061144751,0.035785549,0.089251381,0.14450832,0.198871445,0.112940651,0.158989687,0.079819796,0.239281139,0.091506111,0.127851963,0.069663118,0.176207122,0.19682451,0.101909244,0.076154918,0.088372342,0.116230373,0.02503589,0.081365503,0.187729829,0.080778221,0.047326882,0.079004315,0.149668169,0.138176648,0.167034834
0.031410122,0.077353658,0.241222501,0.045098122,0.107143802,0.150919177,0.073381907,0.030429,0.025821631,0.074076402,0.09947936,0.089087213,0.154870958,0.164513507,0.150675819,0.028880998,0.048408842,0.076150115,0.035203667,0.158262348,0.107955275,0.096561542,0.03434196,0.113247656,0.068804098,0.070108322,0.064128593,0.116805727,0.044490769,0.020180027,0.249467415,1.018095467,0.107459688,0.291623956,0.781068479,0.106254917,0.183952306,0.37418034,0.201534061,0.085263484,0.827128598,0.873994957,0.016944944,0.246803003,0.260375249,0.327399983,0.074037045,0.298714567,0.326318893,1.001239977,1.068253687,0.261409841,0.922594692,0.029161162,0.14327179,0.178247255,0.037793598,0.051516721,0.026478063,0.213804813,0.032499456,0.385934956,0.162146368,0.105492959,0.112159955,0.202695174,0.045527215,0.122100195,0.066570788,0.200112045,0.102033852,0.049089137,0.173955793,0.013630818,0.249864574,0.341036532,0.058063835,0.190743083,0.028941845,0.181745041,0.164548898,0.024392384,0.152575859,0.155757503,0.218251049,0.086790244,0.040879865,0.218259061,0.108571919,0.253995082,0.162766688,0.022423119,0.153064892,0.203860892,0.151552433,0.249184359,0.027755128,0.079903516,0.160646455,0.045637803,0.157014276,0.241545766,0.18338828,0.055421524,0.131972405,0.168530528,0.179484402,0.038856911,0.293022834,0.178557434,0.029780872,0.096476739,0.16869915,0.261818285,0.099798946,0.024815824,0.064037538,0.046325841,0.213118319,0.234898475,0.029459672,0.273608017,0.150547136,0.03335146,0.09020145,0.138779855,0.113856639,0.061866249,0.163898248,0.161424668,0.142470441,0.039714569,0.07699997,0.028287112,0.019850539,0.159936456,0.117682709,0.086331969,0.206985124,0.080995342,0.229110554,0.038184109,0.068990681,0.172011909,0.147573798,0.078669747,0.020573795,0.170200305,0.052961275,0.031049645,0.165937706,0.251825401,0.278656173,0.091015298,0.052941957,0.09988417,0.120659567,0.117910761,0.084218052,0.107787639,0.08575517,0.12373081,0.082349167,0.123658433,0.066111718,0.243509886,0.17348472,0.112918012,0.077305392,0.056375353,0.138954277,0.028894359,0.081478223,0.172901306,0.116601187,0.055596395,0.076862898,0.181270121,0.118134479,0.204917583
0.019652211,0.174344483,0.168871311,0.035574819,0.108147719,0.150948612,0.098351001,0.008560207,0.043759533,0.056033558,0.06468514,0.079968628,0.191441641,0.091526537,0.092620178,0.047595429,0.03769703,0.140085315,0.03577344,0.163061292,0.118610857,0.111490514,0.035876937,0.153926766,0.12269047,0.106061538,0.043676941,0.095569223,0.076528712,0.045370158,0.271802959,0.989947086,0.110434851,0.294478778,0.904388476,0.06530623,0.242860423,0.306224697,0.130267756,0.069674176,0.927101514,0.853659789,0.027811959,0.187239632,0.276538282,0.337656942,0.170382214,0.167472834,0.288029506,1.114867614,1.112276523,0.250966029,0.897781005,0.019155457,0.216588213,0.123372406,0.036647743,0.051660291,0.01904346,0.240110932,0.041269699,0.240982248,0.137028104,0.106613067,0.092477073,0.307167602,0.02654809,0.106172707,0.039965207,0.152041049,0.096591441,0.040303432,0.274073333,0.055487886,0.209185219,0.310195886,0.065588999,0.181729791,0.076982995,0.198374023,0.224487245,0.018942938,0.130859056,0.108917332,0.220218271,0.080970518,0.027818267,0.176112066,0.146670702,0.292331781,0.122062039,0.023688159,0.054024808,0.206023967,0.076664738,0.199242787,0.039261721,0.092498996,0.119833637,0.02729764,0.096594918,0.167590472,0.130797949,0.034945066,0.115150325,0.233673354,0.162482714,0.026993363,0.246356494,0.240882075,0.03047936,0.126105827,0.099797315,0.324556682,0.06126381,0.033444339,0.061323872,0.045334828,0.119472866,0.242278113,0.037105944,0.179988721,0.143261684,0.039361291,0.076916355,0.106800276,0.11164795,0.046233727,0.143110898,0.119389607,0.1054513,0.016176313,0.106114346,0.027455688,0.019521875,0.144691484,0.113046811,0.095110068,0.191574447,0.056424677,0.2621081,0.02986356,0.053651939,0.104339934,0.134422523,0.066192447,0.059778384,0.082517739,0.053073517,0.027427861,0.215006725,0.243917253,0.254567637,0.07364317,0.037704666,0.076323874,0.036414826,0.154698818,0.05345134,0.117023851,0.076485079,0.151293352,0.105094136,0.058617914,0.039254025,0.233302737,0.145015566,0.132785736,0.043067632,0.095071148,0.171483935,0.050743793,0.084170057,0.138714106,0.098019242,0.041343387,0.118850437,0.231413403,0.103285042,0.165927106
0.015949399,0.168940256,0.161522128,0.035768981,0.079649516,0.150045289,0.059335508,0.01564025,0.038074924,0.077889375,0.057885326,0.116656478,0.211887361,0.097245809,0.087785887,0.090360773,0.070586571,0.128631401,0.025060179,0.311098781,0.122661949,0.221061655,0.041787637,0.154898956,0.159243892,0.113758226,0.043577918,0.115836762,0.103013053,0.068120405,0.261528661,0.919449557,0.057151079,0.229982222,0.894844461,0.06075421,0.365949454,0.18990086,0.167165108,0.092165226,0.950260119,1.008243335,0.057475586,0.261195561,0.302978927,0.262026914,0.118600187,0.142503541,0.322058027,0.997640455,1.033812101,0.317119491,1.068025111,0.03876715,0.21545209,0.074285381,0.033683544,0.07179382,0.025814119,0.202576902,0.015004037,0.266271853,0.150367455,0.093149131,0.185825617,0.241949939,0.047553988,0.098414577,0.038148448,0.150007567,0.139581452,0.054017698,0.294931558,0.029593354,0.224268804,0.220428356,0.027833751,0.113252489,0.09387413,0.165163308,0.246697902,0.036511676,0.199040529,0.086325828,0.150059047,0.055357511,0.031309204,0.146074022,0.162834716,0.219419449,0.130794089,0.045602581,0.01993709,0.164478717,0.049455952,0.252096061,0.033463668,0.096641108,0.142217132,0.055169567,0.143015026,0.141065863,0.153265672,0.044685026,0.218741989,0.246525093,0.134423152,0.043987361,0.253174998,0.235321489,0.008413993,0.114615845,0.127136427,0.251528261,0.056153027,0.046691878,0.071510814,0.049730272,0.11237355,0.209826193,0.049849306,0.128794465,0.072721693,0.044413747,0.094130519,0.110877969,0.086109874,0.055877697,0.078782614,0.185901335,0.064794966,0.05678242,0.08513542,0.025977524,0.016420555,0.127541197,0.142732718,0.090113053,0.204524224,0.055369465,0.319824988,0.057258817,0.026218501,0.062410448,0.152041044,0.146169688,0.045141552,0.100374848,0.062484431,0.023985938,0.218636604,0.219521708,0.31889808,0.038149143,0.04453667,0.100544891,0.036835284,0.19945213,0.051824524,0.110099926,0.052780387,0.16131223,0.084231282,0.06108282,0.061139548,0.143507624,0.160257474,0.115938019,0.066887664,0.124416818,0.214653486,0.050827024,0.082874152,0.151486846,0.084035316,0.056314017,0.08335683,0.215767024,0.146741973,0.19354453
0.024062591,0.067563895,0.126452143,0.034828018,0.08490411,0.155253696,0.047650461,0.025466538,0.030341938,0.095685115,0.080316253,0.11345501,0.159730384,0.08642625,0.090086641,0.036003983,0.056069865,0.062692678,0.068170652,0.225548424,0.12994763,0.192382128,0.048426676,0.182935716,0.118892173,0.061306919,0.021800444,0.118702824,0.071982716,0.069150338,0.288224566,0.935117031,0.060214315,0.276179252,0.74495746,0.098969346,0.244329203,0.222001846,0.180237356,0.094410985,0.646287202,0.976348206,0.049991429,0.260933014,0.287221812,0.283810747,0.159094289,0.154281372,0.300094444,0.92737818,0.922852037,0.354624235,1.130025249,0.030696176,0.174436738,0.11412316,0.024324317,0.05562731,0.024220105,0.113483043,0.036528022,0.325603855,0.165239447,0.082537306,0.23523021,0.178654438,0.058514339,0.08630504,0.032803194,0.196839192,0.152574574,0.02422935,0.178793117,0.046492134,0.243094033,0.288606364,0.053450145,0.112571801,0.062534171,0.266873633,0.259955088,0.072761957,0.301755707,0.104532361,0.279896165,0.045629913,0.050784062,0.14338081,0.090822793,0.144480777,0.076499791,0.0782398,0.047730753,0.226822344,0.098810672,0.151993209,0.055914133,0.098467086,0.238517645,0.111592234,0.169959497,0.176679192,0.172892731,0.032526242,0.179069988,0.200006835,0.182973023,0.046697399,0.215530337,0.189815777,0.033093763,0.086904637,0.194843433,0.187697637,0.064816444,0.014213641,0.079424624,0.077942083,0.150851694,0.134902836,0.041282236,0.13272488,0.113182763,0.05387952,0.079538908,0.112188804,0.075175881,0.051577556,0.122005479,0.194771068,0.036280942,0.064105897,0.075831246,0.020603916,0.024743189,0.137352304,0.124580224,0.07124068,0.229633469,0.089409234,0.218055926,0.045865227,0.04093131,0.059857658,0.123565819,0.148879462,0.048653301,0.122019387,0.056348278,0.021114297,0.144600304,0.252895471,0.319904885,0.052381023,0.048476983,0.120425622,0.046946647,0.149660482,0.067746238,0.148460479,0.10357889,0.187670907,0.084789521,0.082929152,0.033521066,0.236571,0.141762042,0.136237725,0.045725246,0.080350997,0.196804618,0.055962733,0.047548437,0.099335871,0.100643119,0.022079627,0.066526502,0.145003289,0.190689141,0.185322456
0.032959036,0.147107728,0.070520157,0.041293676,0.11651037,0.236506227,0.070871036,0.01977801,0.032883837,0.113779371,0.094132272,0.111059166,0.18996094,0.181785622,0.084477231,0.022724747,0.027601525,0.103573798,0.050809903,0.154792005,0.148518538,0.109781465,0.025724933,0.1817448,0.057964893,0.047075609,0.022232691,0.148850506,0.053415565,0.035832104,0.280617587,0.850548945,0.067758361,0.259468782,0.673900794,0.083417396,0.266561304,0.340259783,0.129891735,0.089274498,0.765281659,0.918294657,0.03110882,0.272224597,0.294733898,0.295065938,0.063846987,0.185946278,0.217448383,0.927609359,0.908968284,0.290874922,1.205907925,0.011831106,0.113510023,0.164672538,0.028390842,0.070929877,0.039231348,0.089505044,0.044411617,0.250278099,0.117323788,0.07163096,0.194729884,0.328531811,0.044214875,0.081468037,0.050964806,0.278985178,0.228704214,0.051463806,0.171322569,0.058409,0.244857961,0.279723407,0.035554239,0.15630061,0.045466242,0.334257881,0.214817767,0.153842448,0.216108096,0.11151368,0.334703604,0.032042512,0.040342649,0.108315974,0.100805583,0.139599213,0.167315791,0.09580216,0.096419511,0.141979207,0.145157774,0.149412813,0.031152076,0.098299474,0.213831591,0.059390424,0.20862571,0.121382845,0.141739837,0.071958893,0.155027981,0.193154826,0.073674,0.039322206,0.226306082,0.192004161,0.064453994,0.132824894,0.205228257,0.124865261,0.089667316,0.037519298,0.08553153,0.0925981,0.151278031,0.165017575,0.051235305,0.245736217,0.11362735,0.047301951,0.073317888,0.102429872,0.105268601,0.022301579,0.181060682,0.160371786,0.039378037,0.024923639,0.101575178,0.029487715,0.027204877,0.100265476,0.079868407,0.052468448,0.174839955,0.077349608,0.093825044,0.026527264,0.051687911,0.065703181,0.089167057,0.067671465,0.027985512,0.158206636,0.054463003,0.028815186,0.147990043,0.191740641,0.26298876,0.083573021,0.035140278,0.109366954,0.068821394,0.211857096,0.065887746,0.15244904,0.070549728,0.169673305,0.098271057,0.057851933,0.059571654,0.279097468,0.12953829,0.133447692,0.045510459,0.078964073,0.227027051,0.071800603,0.05092403,0.123181347,0.127186041,0.068476548,0.026365162,0.143677408,0.179123309,0.085550246
0.024662929,0.13004726,0.115151469,0.048487975,0.121972833,0.109688067,0.11419492,0.009046543,0.06586063,0.102007113,0.125659806,0.138125049,0.173016197,0.096738063,0.083342718,0.034071319,0.024297264,0.1155854,0.027376684,0.08986705,0.145104349,0.093624387,0.03341968,0.154656203,0.062557954,0.083233848,0.032128694,0.170860291,0.057224628,0.08561679,0.298226435,0.826066602,0.094072619,0.276779333,0.580298888,0.052549906,0.298441278,0.359310561,0.095082353,0.096718382,1.050848705,0.920730476,0.026176477,0.333812418,0.304993016,0.303423476,0.044804127,0.150493007,0.298801669,1.052669824,1.006974734,0.307941732,1.128396487,0.031985016,0.082374622,0.171672175,0.032297096,0.085609126,0.038455138,0.09759648,0.038654592,0.198871327,0.123058415,0.043388993,0.160103397,0.365671318,0.05001119,0.161084379,0.051179309,0.250516372,0.313553547,0.041349099,0.171791201,0.081245874,0.277423014,0.202905308,0.040746339,0.163244486,0.061144334,0.195580157,0.167269648,0.081175898,0.2005061,0.172435586,0.354695346,0.020625892,0.045832976,0.145139489,0.137885087,0.126789435,0.291779157,0.095238659,0.038546866,0.186726953,0.171638975,0.104766892,0.043400586,0.081140216,0.214722758,0.119425138,0.198466181,0.240613099,0.171255949,0.073820618,0.163411859,0.215542185,0.176413179,0.043700146,0.249359164,0.206157422,0.059935984,0.197765043,0.195028603,0.114498895,0.077752258,0.084591318,0.143183939,0.116329863,0.014066695,0.184592218,0.038797696,0.303438659,0.079159081,0.024941221,0.077690848,0.115635641,0.143032917,0.032713622,0.1368043,0.247508121,0.088315504,0.036532795,0.075472429,0.050758073,0.057049158,0.139930325,0.077062522,0.082170163,0.238268682,0.047700174,0.19650183,0.018754611,0.034852613,0.045532247,0.095397313,0.05945925,0.025755068,0.180106756,0.055403388,0.020584683,0.224868485,0.179856708,0.316158211,0.074810599,0.031724534,0.081398124,0.069638162,0.213637974,0.069378239,0.095724633,0.049983088,0.13884037,0.083531468,0.111163083,0.058103175,0.224252029,0.094190658,0.106290908,0.072049625,0.039204848,0.213236673,0.083650065,0.054937755,0.187710501,0.111435602,0.06604572,0.04365909,0.173550157,0.146051245,0.108340106
0.038176601,0.077956294,0.156991481,0.056519006,0.169301969,0.177505336,0.090881237,0.021678894,0.059350755,0.098737678,0.118109058,0.09922068,0.073092252,0.112429945,0.114899756,0.040959485,0.017781409,0.12805873,0.041632162,0.109623245,0.133969271,0.081337025,0.025172166,0.158726799,0.047885469,0.106026819,0.048869385,0.097779295,0.03254349,0.087454347,0.271673862,0.902525732,0.062345783,0.266362157,0.599616959,0.03127792,0.301769895,0.308881549,0.069881751,0.070341334,0.985444407,0.901317384,0.044879317,0.322419386,0.356465617,0.231920614,0.087653484,0.133058727,0.331535738,1.102642056,0.9852978,0.340756779,1.161511239,0.032182519,0.156362079,0.147743637,0.057927725,0.05626382,0.050605348,0.118635622,0.054847198,0.179995443,0.168621371,0.05754063,0.222438438,0.260880408,0.052220409,0.133498305,0.032981232,0.218509994,0.202370848,0.038874394,0.12857798,0.092886112,0.274015763,0.171195759,0.037172963,0.197173639,0.03672407,0.15552606,0.181776244,0.033556363,0.200873613,0.169465283,0.342864307,0.053338196,0.03980604,0.186964937,0.102716523,0.157869817,0.137935272,0.06624721,0.121387466,0.222141126,0.133180542,0.090866158,0.045097157,0.134517617,0.224612564,0.174641571,0.188059709,0.281901901,0.154431585,0.061322569,0.162533996,0.188212249,0.233252503,0.059623247,0.180059268,0.220907809,0.037968601,0.178608954,0.177119264,0.113385625,0.052546028,0.062243472,0.190462361,0.061471076,0.122096562,0.168556803,0.047490982,0.29343881,0.095381717,0.031979768,0.043149554,0.169042254,0.110202637,0.028611207,0.07970347,0.249601758,0.115092107,0.033609333,0.044550889,0.034898782,0.055921044,0.150194747,0.124937454,0.104108485,0.184933864,0.10429941,0.231790622,0.020737625,0.029803492,0.056651408,0.107561976,0.064339512,0.03070169,0.144317946,0.054567959,0.010527138,0.219110563,0.177298902,0.321771808,0.041773371,0.026806367,0.078077666,0.059442949,0.148026586,0.110954218,0.110206922,0.149866255,0.18229274,0.06608031,0.187215317,0.069572345,0.201583889,0.106183195,0.188202442,0.042941573,0.053787378,0.105925316,0.142291765,0.121569067,0.190595755,0.07878458,0.032100071,0.034844796,0.272833595,0.145664894,0.102811814
0.050023046,0.067409925,0.080088196,0.052912247,0.156524447,0.311856938,0.071448169,0.052280941,0.040158644,0.128306785,0.146803321,0.116974334,0.082389953,0.108296772,0.03965804,0.093842123,0.029024338,0.111018966,0.049758365,0.117565052,0.115453128,0.033860139,0.03203443,0.136554314,0.108562118,0.118522507,0.068181006,0.181939277,0.052393262,0.096628814,0.265998061,1.028451392,0.104155784,0.179031779,0.623725968,0.01385597,0.289045941,0.306698111,0.157802236,0.043399608,0.934877611,0.876753319,0.017124448,0.169517546,0.279475433,0.257287775,0.095287682,0.178099971,0.323964417,1.091552745,0.851264162,0.283568734,1.140593095,0.034962995,0.234815193,0.126802969,0.051391569,0.045427303,0.019735362,0.094986126,0.057463748,0.126350918,0.196096827,0.122685093,0.1699572,0.222062812,0.059835012,0.140887034,0.014852204,0.161757264,0.170449985,0.031990762,0.117678898,0.069966917,0.173999222,0.185568076,0.038544688,0.177857693,0.044194888,0.193859429,0.194449798,0.034293145,0.210876566,0.116171231,0.189688023,0.038242925,0.048617622,0.158425379,0.124092908,0.155291986,0.234420348,0.045022691,0.068342409,0.193693889,0.12980066,0.128852866,0.038596725,0.119836335,0.198765386,0.140982252,0.202811441,0.264881758,0.133791508,0.072866839,0.130261122,0.140946963,0.174698173,0.059342009,0.221519734,0.237494991,0.05820238,0.231345557,0.141103816,0.155462934,0.060633703,0.050670772,0.138225112,0.10159559,0.189702609,0.15876399,0.045180691,0.225055236,0.101344138,0.06753019,0.046852074,0.186658922,0.066254579,0.042723848,0.125430166,0.186374499,0.102292764,0.029394229,0.052852202,0.031792504,0.033150817,0.123667139,0.195547327,0.08007967,0.131157417,0.107013628,0.310134201,0.024218146,0.023371888,0.067197615,0.093546782,0.086559928,0.024350828,0.126319696,0.055035246,0.022941283,0.135478555,0.163404346,0.234166401,0.054642652,0.01657112,0.073800191,0.043331111,0.123535948,0.119302658,0.101823523,0.142852709,0.166194187,0.086834696,0.184017416,0.061821183,0.167342875,0.112234719,0.197205392,0.028112183,0.116775279,0.119073069,0.074178975,0.168080599,0.083314086,0.075637514,0.045501276,0.058028262,0.269814484,0.155642301,0.101375602
0.059117582,0.066710086,0.049568561,0.04938997,0.09869661,0.328081805,0.064635057,0.067175766,0.048943259,0.141002763,0.16536803,0.143754221,0.084761407,0.129661303,0.137452049,0.074306023,0.019729238,0.0743071,0.076222951,0.144556559,0.175162784,0.087347445,0.019620654,0.218187645,0.102106696,0.048798794,0.070803886,0.145245534,0.052659048,0.045550388,0.225588075,0.92651407,0.049449573,0.167015466,0.748746781,0.051355714,0.24816263,0.336642816,0.227156083,0.027882412,0.891327489,0.942597152,0.034880733,0.14956094,0.290468036,0.265385824,0.062221962,0.223141214,0.284483999,1.067991638,0.850892636,0.224000331,1.204588288,0.045817058,0.313038673,0.163456881,0.059218864,0.026345885,0.018590892,0.088970317,0.051401541,0.256880737,0.176953795,0.148436937,0.107825944,0.197134028,0.048863341,0.177435111,0.011523356,0.238923625,0.144927855,0.057471672,0.124821291,0.030320863,0.11384298,0.269543588,0.051140046,0.145739273,0.042069058,0.162396114,0.16992941,0.042382032,0.264909917,0.139743307,0.152323524,0.108829126,0.102870904,0.120079807,0.135716198,0.104883071,0.279354569,0.032160661,0.073006799,0.250488015,0.126845338,0.26325937,0.108002028,0.116828436,0.202608108,0.15467127,0.117082448,0.303363467,0.207516188,0.076425325,0.082071965,0.182732335,0.111820942,0.071520747,0.321865853,0.193568767,0.058247736,0.229948319,0.182631613,0.191225533,0.078625939,0.056576728,0.15386351,0.177843161,0.15800361,0.113240737,0.029993056,0.152905959,0.120550726,0.041347969,0.087898542,0.177316021,0.090027307,0.042704717,0.123484982,0.261597441,0.096965276,0.030039722,0.098322833,0.010666811,0.038984536,0.099705213,0.136277932,0.105584957,0.116013463,0.093845396,0.28687244,0.051698886,0.017090468,0.085572174,0.070859513,0.06050733,0.030932905,0.104988251,0.069657904,0.035466489,0.06933378,0.205628441,0.177543932,0.028201634,0.038027169,0.057888154,0.082809858,0.264423901,0.093282436,0.083190052,0.107525849,0.121705477,0.083379372,0.117322125,0.075517734,0.170085155,0.149021916,0.145343919,0.025140936,0.107922286,0.108834581,0.040569848,0.13647593,0.091231443,0.124579066,0.025862155,0.068716468,0.280388457,0.104498936,0.116535836
0.074915487,0.061629805,0.074404248,0.011820918,0.074474713,0.234004921,0.069392444,0.064985162,0.062770064,0.1100815,0.13449186,0.169125295,0.060838471,0.164397642,0.077746796,0.056010363,0.030787165,0.112523305,0.053826918,0.117255492,0.289949095,0.139751895,0.035320605,0.203773256,0.105245187,0.06703687,0.030920646,0.06794437,0.037197989,0.044795693,0.304477057,0.921968,0.058761433,0.219105322,0.856759067,0.068304443,0.202064782,0.37609335,0.268044849,0.040880718,0.85143615,0.938451144,0.043178807,0.156934313,0.200919416,0.239764087,0.097545193,0.191099774,0.276455948,1.0773364,0.981351502,0.210240012,1.055426128,0.045523861,0.28600675,0.258927877,0.048532555,0.023956451,0.021710271,0.261014543,0.047242926,0.252863596,0.173453657,0.143305735,0.105083641,0.225632847,0.043884031,0.194364974,0.033648225,0.270573869,0.097304108,0.052662062,0.104548818,0.038601963,0.118009617,0.272777648,0.039652431,0.125193501,0.025726037,0.188121841,0.1599385,0.030274268,0.261253352,0.25352076,0.238787595,0.114130807,0.102435397,0.107406723,0.153821283,0.154051261,0.131618916,0.05370745,0.114528256,0.251775116,0.146002671,0.168407683,0.122098957,0.185731324,0.23229538,0.120605304,0.138179135,0.255382306,0.181052783,0.03460691,0.200431706,0.177872418,0.105042537,0.027215373,0.289246958,0.253724256,0.055832615,0.130673233,0.154077214,0.180602398,0.039653868,0.02871585,0.230169196,0.078477517,0.194844388,0.188852648,0.021582105,0.261171491,0.103098243,0.015501215,0.077396932,0.120374177,0.088907507,0.067246818,0.074660889,0.258068878,0.060350487,0.037896325,0.155355745,0.025988614,0.033826955,0.080638085,0.084267827,0.11989982,0.099427482,0.141494352,0.206583014,0.073698559,0.018752174,0.073162611,0.112866041,0.037945134,0.038499621,0.12789509,0.084484948,0.034890409,0.061379186,0.198335652,0.196693603,0.059551424,0.019293895,0.072243152,0.088116589,0.25488253,0.067538189,0.096684345,0.076499548,0.155874259,0.074285007,0.138214781,0.026294652,0.241234656,0.149486385,0.140532968,0.031007803,0.078221384,0.202701998,0.054637476,0.085901554,0.130999671,0.132255933,0.055186971,0.062281714,0.240280361,0.091602167,0.137679835
0.07591522,0.153476969,0.075391548,0.051250329,0.11433886,0.304746253,0.069553527,0.067739069,0.092065216,0.101775649,0.12800136,0.182346887,0.086278877,0.13742439,0.056019547,0.050077057,0.020683762,0.145392366,0.032433813,0.072430244,0.303661816,0.1258533,0.017571426,0.153361885,0.087561469,0.076426129,0.033914357,0.095819394,0.06336212,0.047955622,0.216652355,0.954342521,0.069124586,0.167324701,0.900532442,0.093913478,0.164621457,0.350043491,0.254091913,0.045486014,0.901390596,0.959287565,0.039664272,0.131152121,0.231125148,0.286657006,0.123553097,0.154694952,0.329064576,1.096502921,0.992013477,0.227217278,0.883699475,0.015739539,0.34010722,0.295706995,0.034558792,0.035956055,0.017604743,0.242327185,0.029975141,0.298764046,0.139219161,0.150710073,0.13213467,0.225056453,0.046813555,0.158213143,0.020659167,0.137898802,0.15940608,0.037459415,0.214361368,0.033175109,0.177096972,0.207723507,0.043380835,0.081400932,0.061086331,0.238242934,0.15470127,0.046485983,0.182026391,0.274995731,0.331062004,0.063394731,0.038463167,0.165365914,0.187592982,0.249027431,0.242556143,0.033451271,0.089347798,0.258687257,0.19330233,0.152634865,0.027558116,0.218044208,0.125719743,0.050074179,0.09362465,0.283991428,0.124506226,0.035072387,0.187829249,0.221413048,0.0803106,0.067614502,0.191705676,0.203247213,0.054500296,0.101832599,0.185124164,0.14752639,0.042046128,0.04937031,0.260272882,0.025563048,0.245987758,0.255997465,0.030292195,0.276211104,0.091524795,0.035768238,0.037062424,0.086874028,0.105808936,0.070047416,0.068112264,0.155398294,0.102274199,0.023785461,0.14934492,0.035860034,0.031519067,0.098371812,0.119658795,0.091415645,0.200007481,0.141272355,0.216261399,0.034695697,0.022821523,0.044592629,0.157611811,0.073819595,0.055576471,0.199761689,0.057012061,0.018594517,0.112774729,0.261657037,0.271944317,0.044748873,0.038405208,0.078967325,0.065642571,0.18154523,0.065402145,0.176723267,0.094590537,0.213689687,0.06598722,0.141806048,0.019456596,0.27952475,0.152431942,0.102930015,0.037989371,0.048080745,0.241008123,0.070600974,0.102773535,0.189128346,0.076110806,0.060662767,0.033524126,0.203881,0.099880221,0.197644657
0.055885516,0.184471828,0.085406349,0.120475002,0.104108216,0.245140661,0.073429731,0.033985304,0.092023222,0.108361218,0.139841873,0.119852028,0.085952445,0.130007896,0.072952743,0.044856445,0.03655405,0.154437333,0.020075263,0.113910377,0.211705608,0.159564704,0.012416279,0.149648455,0.064689714,0.095633243,0.028908964,0.100657468,0.104760981,0.063757237,0.227603572,0.993051668,0.11326993,0.11571252,0.87748076,0.072065243,0.284627864,0.325499761,0.197787261,0.073568097,1.009970263,0.817239497,0.024173998,0.241356032,0.304245083,0.235204922,0.091199027,0.20003611,0.264131683,1.053766626,0.960697891,0.261970446,1.011764718,0.032899089,0.28341813,0.330335019,0.045955929,0.073044666,0.029852488,0.175966968,0.044210836,0.335227358,0.137499697,0.097745892,0.188304918,0.135143634,0.033705819,0.095870796,0.044302059,0.186299014,0.164888261,0.049825477,0.218090642,0.040491931,0.220349094,0.174218062,0.057963162,0.079229714,0.040286171,0.173031461,0.123269427,0.043941533,0.214471863,0.142504097,0.315316457,0.079752496,0.034067411,0.156319655,0.178931371,0.273691398,0.204283555,0.029499464,0.063447246,0.268287541,0.197743348,0.090036058,0.028629669,0.098417275,0.123862122,0.088130314,0.11292899,0.246730832,0.129080795,0.061950889,0.146328361,0.225368389,0.091478857,0.11885229,0.253867836,0.237899094,0.048161094,0.166738228,0.25069936,0.119594963,0.044194053,0.067195724,0.187784077,0.106582839,0.196078516,0.279738392,0.034391926,0.16821758,0.188711234,0.035222242,0.023467298,0.094906919,0.129380806,0.036521216,0.080729014,0.081135733,0.189667342,0.059084875,0.069327136,0.027074958,0.033484011,0.118989328,0.199407467,0.095643415,0.187920002,0.219944077,0.146338232,0.033789529,0.031982708,0.038975869,0.125181621,0.087646795,0.056357809,0.174242871,0.035917604,0.046708628,0.1182408,0.26696762,0.291423638,0.022895326,0.028050812,0.079577036,0.068948951,0.228577163,0.056549995,0.21667613,0.058425862,0.168198863,0.054773487,0.092455002,0.037061073,0.280055569,0.166508922,0.128988784,0.028090146,0.070962536,0.191304534,0.154759968,0.126242282,0.214891849,0.082547479,0.005955704,0.040806055,0.162977843,0.100319642,0.224999755
0.036336011,0.072253988,0.098525752,0.103001717,0.095028874,0.182757544,0.064591834,0.026515111,0.033352617,0.084280008,0.186485184,0.134315614,0.127871632,0.155955266,0.059186185,0.054039255,0.046414692,0.156699828,0.041092208,0.162240601,0.09087757,0.152149209,0.022788033,0.159366115,0.086351293,0.118615523,0.015012687,0.125507121,0.16661322,0.019211907,0.171614719,0.782182634,0.095523872,0.142621076,0.768370715,0.073537729,0.269604745,0.328653778,0.166671405,0.056168894,0.834440204,0.867933139,0.040824667,0.227799155,0.324511213,0.13047179,0.065826027,0.281136091,0.242459182,1.170388347,0.909287122,0.291993661,1.057114387,0.030033405,0.203266781,0.294066441,0.049422518,0.059709624,0.02426668,0.187411149,0.048294122,0.291143258,0.111818126,0.19379474,0.14641494,0.115207411,0.043410213,0.12684546,0.043650766,0.208759704,0.159874727,0.0747231,0.17062834,0.058748615,0.254578829,0.145440022,0.045296067,0.092801569,0.046583902,0.225576033,0.119790683,0.053033493,0.252966643,0.0826095,0.143837783,0.079177919,0.035143503,0.16393867,0.175255302,0.159929471,0.072044239,0.101473328,0.055663756,0.286279327,0.132965521,0.15961692,0.043559596,0.179847328,0.113104717,0.059856271,0.07038638,0.171515776,0.167456821,0.078673996,0.138223403,0.154107687,0.091000909,0.062426783,0.264974861,0.301909861,0.062636989,0.198979855,0.189013211,0.142069375,0.062047298,0.076781392,0.209594778,0.100277597,0.089192392,0.168993458,0.039183682,0.173276123,0.168760852,0.01751778,0.034447634,0.112078085,0.14106864,0.029826666,0.077580472,0.116949921,0.202785054,0.050461913,0.081569007,0.029167262,0.008295968,0.10750957,0.189915103,0.099357397,0.194345428,0.284310852,0.121284226,0.027143695,0.029644933,0.04162493,0.095925608,0.069142803,0.031885887,0.196530786,0.043288632,0.047762733,0.100534974,0.232984945,0.240458847,0.04126703,0.03212029,0.076402611,0.119615399,0.234504632,0.056377269,0.190483376,0.055022408,0.130761478,0.174048212,0.051116731,0.042730279,0.28340173,0.1643581,0.086038532,0.031373566,0.105549601,0.221621523,0.156197284,0.071102715,0.211798763,0.066891038,0.040054188,0.080913569,0.220163224,0.119375944,0.204025822
0.048171618,0.061779274,0.070290532,0.091128529,0.152125771,0.177073037,0.071701363,0.032243552,0.047174765,0.099282857,0.118036307,0.184232772,0.077807411,0.176323848,0.109204506,0.059388144,0.03525207,0.129554732,0.069213464,0.218719414,0.114691086,0.118496312,0.037136973,0.119876313,0.147269206,0.116818557,0.01584934,0.251991964,0.126600191,0.100568514,0.273446984,0.660116198,0.065450422,0.114055428,0.710326575,0.05077963,0.274715352,0.28343188,0.120745754,0.075592185,0.847474626,0.992936248,0.026337874,0.137622661,0.252112376,0.139917107,0.058088321,0.249247594,0.340453908,1.164777484,1.17248249,0.26454212,1.113729572,0.042111012,0.136906689,0.316215092,0.05538156,0.09479222,0.020398789,0.149167062,0.045475019,0.298210208,0.054774561,0.163122751,0.097539887,0.182102588,0.066409563,0.165385023,0.04868167,0.16070566,0.207826767,0.050455997,0.183591454,0.042374233,0.245508583,0.219351038,0.029985359,0.122276709,0.037984332,0.283207389,0.127211168,0.04191525,0.250366863,0.074312884,0.217221683,0.075116844,0.042133333,0.185596396,0.18660293,0.178866121,0.137372787,0.045109252,0.046844838,0.252065241,0.061219196,0.194761665,0.068927517,0.277096854,0.141877189,0.067335882,0.054000076,0.070706691,0.200884379,0.110073657,0.214977908,0.299320139,0.138345008,0.066868974,0.272180646,0.374743869,0.082645849,0.133622264,0.135227921,0.150868634,0.043951333,0.046731075,0.176271211,0.097182674,0.110932628,0.217262299,0.028664095,0.185500466,0.16265486,0.029071151,0.071776545,0.141509387,0.165930148,0.036186666,0.03886818,0.21692256,0.156583974,0.024413768,0.116841911,0.031732955,0.008172362,0.109449839,0.144061441,0.091393411,0.17218432,0.246913605,0.092050204,0.025974897,0.029370032,0.061361883,0.108169109,0.114355111,0.026953746,0.262799924,0.062164872,0.016084747,0.108123848,0.159080215,0.250418964,0.056273005,0.062508511,0.069451326,0.081769461,0.234587713,0.073728756,0.153377177,0.076804177,0.219583352,0.124138115,0.067520826,0.027007843,0.219063735,0.147502874,0.150048608,0.033929742,0.100114311,0.213442588,0.079020584,0.077981842,0.179159669,0.046852009,0.016696465,0.091973687,0.25747846,0.123800065,0.201643648
0.02102204,0.071001748,0.135867465,0.073569508,0.137928139,0.244535615,0.076687364,0.022778944,0.056694633,0.107232707,0.067847324,0.283244114,0.062727333,0.139955768,0.131742126,0.070248648,0.026600322,0.15476616,0.064836968,0.222996464,0.21681928,0.109346955,0.040099828,0.143249994,0.199944494,0.067776857,0.017350352,0.210079392,0.07249152,0.093943337,0.182673347,0.662970829,0.05657548,0.057578322,0.615012714,0.066694107,0.279363881,0.303442072,0.178460197,0.087791736,1.145475157,0.93926032,0.039495229,0.127567865,0.337770044,0.282464842,0.060247917,0.183413699,0.276657719,1.048247947,1.150124396,0.352686365,1.036579111,0.03707752,0.158658281,0.222661481,0.023610774,0.111992286,0.039366016,0.118539787,0.042531095,0.322731767,0.100191628,0.092951568,0.088161732,0.233326966,0.041949981,0.139349682,0.070918562,0.264056178,0.224937181,0.043280083,0.15989009,0.053978063,0.256859889,0.225127856,0.034058319,0.073427782,0.039337759,0.259599698,0.131350554,0.034600694,0.222439926,0.078850017,0.232315465,0.053116135,0.031724701,0.163666737,0.201471579,0.2201606,0.11417293,0.044039119,0.045920102,0.221053055,0.121553094,0.183709894,0.049439846,0.127180503,0.201515382,0.061865841,0.063844414,0.101151979,0.187033887,0.048886321,0.252117906,0.314321976,0.183916321,0.049484696,0.287645088,0.334812971,0.058071151,0.109688462,0.103078521,0.161368924,0.049085439,0.04376333,0.155808953,0.066679405,0.151028968,0.189005884,0.049474898,0.13786732,0.154087917,0.045759281,0.098092067,0.103915613,0.124984325,0.030167195,0.048011008,0.184164422,0.204396948,0.023136853,0.119262676,0.025769708,0.009783021,0.108091287,0.104885714,0.124663184,0.21625528,0.164538382,0.178875106,0.043073557,0.03212725,0.049404076,0.11504008,0.135103619,0.027263389,0.254374808,0.06981475,0.006809086,0.119386312,0.148262889,0.294658672,0.043602267,0.053206954,0.067516463,0.037699531,0.305343443,0.064239182,0.107541767,0.080403256,0.250307286,0.069643581,0.148163864,0.012206388,0.174682937,0.147354106,0.181400877,0.039991589,0.093241662,0.135199226,0.090713091,0.078004608,0.129371027,0.079396828,0.088578877,0.087576625,0.163711352,0.104926486,0.186712383
0.031163417,0.15963835,0.116616137,0.039150429,0.100146712,0.199143963,0.076471789,0.019965748,0.060527515,0.116614864,0.071517089,0.179807108,0.109872811,0.129188025,0.079301066,0.048736346,0.045635667,0.183038972,0.080380404,0.128285367,0.16986813,0.102596348,0.045070585,0.10144303,0.159946567,0.064356135,0.031842264,0.134623289,0.134892945,0.03767267,0.231649789,0.63818425,0.085840484,0.084843931,0.569070975,0.034671981,0.259661379,0.32183366,0.245242233,0.062082355,0.895824984,0.954366252,0.093389373,0.185109532,0.326969288,0.229547948,0.073351609,0.164103236,0.245802483,1.095673478,1.194548235,0.268721173,1.027778746,0.029023192,0.210967851,0.241416167,0.028386042,0.075296285,0.040044442,0.098791882,0.063911957,0.321504503,0.13114023,0.070874233,0.113320903,0.225151365,0.035318801,0.086428906,0.075023098,0.274642481,0.240703304,0.042336121,0.157534552,0.046165083,0.169333429,0.236707263,0.036138311,0.071241516,0.036019578,0.259450123,0.131312786,0.035406336,0.191954362,0.101199489,0.183949052,0.033139548,0.035702191,0.125247375,0.181770538,0.201222107,0.088823052,0.08518105,0.077049483,0.255375159,0.097717825,0.199768525,0.055268699,0.141617493,0.129081675,0.12534568,0.045388342,0.116967427,0.175614033,0.062586239,0.22674085,0.219362514,0.168263399,0.020980122,0.271964538,0.177991387,0.03414697,0.15312359,0.131383383,0.162182878,0.046777918,0.040009799,0.134964337,0.053150079,0.170764125,0.262538472,0.030752956,0.102039942,0.170232128,0.033408112,0.077787544,0.090022372,0.070719737,0.032329888,0.072105509,0.208173892,0.295462715,0.025983601,0.094951552,0.020472331,0.025671989,0.100713114,0.077464376,0.107216311,0.292745676,0.072771679,0.158902036,0.051564622,0.027914095,0.035357269,0.150224114,0.055510568,0.036187613,0.208465973,0.072975582,0.027560369,0.112066603,0.106712565,0.21979625,0.039747703,0.042421486,0.091647942,0.09202773,0.246075451,0.064437645,0.08313267,0.081123679,0.274032893,0.06729254,0.116592589,0.032253401,0.184220428,0.210030655,0.121336782,0.038873676,0.131038412,0.243836631,0.094344108,0.10010615,0.154484739,0.05966968,0.057350385,0.083081713,0.139216228,0.080994923,0.250597985
0.037321237,0.178276794,0.082522109,0.026823911,0.080580454,0.111013695,0.073798857,0.026732821,0.067976134,0.112180949,0.0984176,0.090679622,0.09863595,0.251278188,0.088341603,0.042432979,0.028393984,0.095462574,0.042916833,0.169428128,0.184523689,0.180957886,0.059392299,0.126034247,0.100725022,0.051099879,0.024725607,0.109169915,0.165494477,0.026367601,0.280160882,0.5655689,0.095378211,0.13409704,0.71509478,0.04481552,0.179736865,0.31388385,0.291423872,0.027471708,0.917315322,0.945719052,0.085408771,0.281230345,0.292527776,0.271697662,0.053984926,0.230702485,0.343384331,1.130811062,1.041468232,0.211330485,1.103585068,0.039156391,0.206561316,0.292895756,0.043528529,0.072827078,0.036006224,0.081192519,0.072571439,0.29387968,0.168330896,0.085279106,0.101571497,0.205710274,0.048279153,0.081784561,0.065529569,0.28506288,0.197144242,0.085714516,0.163386617,0.051624896,0.092173739,0.284986739,0.04847528,0.176649396,0.033531233,0.158925244,0.105817747,0.034084779,0.173026882,0.170593427,0.266066489,0.0555898,0.048817893,0.089297986,0.155583209,0.151879342,0.094526524,0.08514161,0.029925409,0.252316948,0.133380728,0.144964144,0.03728139,0.148780602,0.143967246,0.075547193,0.110456227,0.129914569,0.120602074,0.046344737,0.1928904,0.202982186,0.099736342,0.079764577,0.280308534,0.067147553,0.046178167,0.151077132,0.120727911,0.183017557,0.054733042,0.060423796,0.176304996,0.066153249,0.163050627,0.217373258,0.079300632,0.16010442,0.262571471,0.023119914,0.073763311,0.128666325,0.079429092,0.026527107,0.094333256,0.191945775,0.304386504,0.011492677,0.098147521,0.020302256,0.04643321,0.120477488,0.161560676,0.091504053,0.246941381,0.06778322,0.098523294,0.040604471,0.031815347,0.045294445,0.23658328,0.070046069,0.044803559,0.140844696,0.056845399,0.038053501,0.116728375,0.14245697,0.154418542,0.074214048,0.05355652,0.097389575,0.072420888,0.198109729,0.055491192,0.078174831,0.098588279,0.294334188,0.086090895,0.074655054,0.044363653,0.21667918,0.210032731,0.082728686,0.060336984,0.099785531,0.35662455,0.066882061,0.097048364,0.107700576,0.044150795,0.033467637,0.109615231,0.118337351,0.059492774,0.224421015
0.00411668,0.074043356,0.097030893,0.113133896,0.066893192,0.157527591,0.074305662,0.023270525,0.048720838,0.079938183,0.0593682,0.10919442,0.100597576,0.204078919,0.123908861,0.034672634,0.029786626,0.050895027,0.087198592,0.16066468,0.167908718,0.128990153,0.043927944,0.139215586,0.067764067,0.043605042,0.018777857,0.087762617,0.134781631,0.029882132,0.222804909,0.718277437,0.073357954,0.196536835,0.863923147,0.044329659,0.269401818,0.267134456,0.258421053,0.046145791,0.954906133,0.998287004,0.03281715,0.306877427,0.284838121,0.345686426,0.042039889,0.189109207,0.346218095,1.150974824,0.884320423,0.229832175,1.094149734,0.026907076,0.236102613,0.299253713,0.039636146,0.070484736,0.059553149,0.184197511,0.044927229,0.319703432,0.169944897,0.097887846,0.144745079,0.24095968,0.047063362,0.095152054,0.048991537,0.242797274,0.195497076,0.113072289,0.118555643,0.052781351,0.154244109,0.22415147,0.055751146,0.15278528,0.032108067,0.155890368,0.078057494,0.026776676,0.234132565,0.261668507,0.278380681,0.050298456,0.069142126,0.154627454,0.120463173,0.12451853,0.098046806,0.058492938,0.105319032,0.162359213,0.148427876,0.10368846,0.023554089,0.148338395,0.152718199,0.053968992,0.124788991,0.109292093,0.180715085,0.075745836,0.198395618,0.207054906,0.112410211,0.038360663,0.163282484,0.106157811,0.061009971,0.109137515,0.146679916,0.183211427,0.078301446,0.076608525,0.195094804,0.075200828,0.115691876,0.187070896,0.076896343,0.106992821,0.216733863,0.033714557,0.099660247,0.200799394,0.089775682,0.038216178,0.13006998,0.142533855,0.123331533,0.031683622,0.043418102,0.025109568,0.013457367,0.167955407,0.164887075,0.108874826,0.165476411,0.121521713,0.113559779,0.025827296,0.018251781,0.048364184,0.241695955,0.110238418,0.038677119,0.093209377,0.06051398,0.040294248,0.097546891,0.218372496,0.242348467,0.058557085,0.055262197,0.089484709,0.068513347,0.205291966,0.052162922,0.061939474,0.097569364,0.227578604,0.139698129,0.073608075,0.064056905,0.216762815,0.200547414,0.063872781,0.042199755,0.083104684,0.328949024,0.076530614,0.071217402,0.078174155,0.059177486,0.024260815,0.057510874,0.093414428,0.118663471,0.074102591
0.037138476,0.088300605,0.099211833,0.132679569,0.070960354,0.16504985,0.112217633,0.00982506,0.045766502,0.086942664,0.07385061,0.183300251,0.08762158,0.13069068,0.121258177,0.031118152,0.043885726,0.06518269,0.050738525,0.196045461,0.194065897,0.064530292,0.037646695,0.106247666,0.06155654,0.025299188,0.039867841,0.16161318,0.058400599,0.034316108,0.266502244,0.838202124,0.051768019,0.193802221,0.873968399,0.037837158,0.261315365,0.222511306,0.315134518,0.033126436,0.85003384,1.097526557,0.072470637,0.303367031,0.2595946,0.358022937,0.052405787,0.164649214,0.241315059,1.018373235,0.939202191,0.327887506,1.105064059,0.019971441,0.255164503,0.2586214,0.014201395,0.070915776,0.064816218,0.191053117,0.045843671,0.19929451,0.104855903,0.123718931,0.166337025,0.295782114,0.039756941,0.173424829,0.059734225,0.222553693,0.219011877,0.102502416,0.200978552,0.052102785,0.132504468,0.209073465,0.037009122,0.113429817,0.039131723,0.208167889,0.079356309,0.025628593,0.218325231,0.190069381,0.235637568,0.048751665,0.056512153,0.183492229,0.151115361,0.135645043,0.083033258,0.062249858,0.122240693,0.202538237,0.141294775,0.109266225,0.031345491,0.141177674,0.206825946,0.143178587,0.206268948,0.179239851,0.174963926,0.062676684,0.164238242,0.214907478,0.069583319,0.018208458,0.222219207,0.12778389,0.037106204,0.135145628,0.217877427,0.233942504,0.139784931,0.060687531,0.144187151,0.071091689,0.114244287,0.237186855,0.063846654,0.089775523,0.185013531,0.052122335,0.058311912,0.256401515,0.056091528,0.075162638,0.100676571,0.151135952,0.086002509,0.023444118,0.046432382,0.015063235,0.023736737,0.145183416,0.154313453,0.090330644,0.112318637,0.131145397,0.058689154,0.025324509,0.023345606,0.05464131,0.162380015,0.09549771,0.017155649,0.071400111,0.078330267,0.069107476,0.126242231,0.25811238,0.280434658,0.032919575,0.0418648,0.082580778,0.066759752,0.215639449,0.09009385,0.041653797,0.139541478,0.235964826,0.139267755,0.065896586,0.060298989,0.262725958,0.132401881,0.077142052,0.059175589,0.068861578,0.305645313,0.044453002,0.052218449,0.078597451,0.060219431,0.017944702,0.031952691,0.212173923,0.170583555,0.089632635
0.057355224,0.109381176,0.059480031,0.115488615,0.206446445,0.188258591,0.094064101,0.02514604,0.05019914,0.085631478,0.104564816,0.288580891,0.084224106,0.091754697,0.08379825,0.040695956,0.041538278,0.140561473,0.05857759,0.200160388,0.125501955,0.0772614,0.031009658,0.108637587,0.094686414,0.053731154,0.029843942,0.209126655,0.06499966,0.030162255,0.131520302,0.866463295,0.060118267,0.255673648,0.836384055,0.020430264,0.294052604,0.266271005,0.297917968,0.042027933,0.644659431,0.81692734,0.081797356,0.234996186,0.269799872,0.351109034,0.047019654,0.197169507,0.174880486,1.190135137,1.156975902,0.364769393,1.101162687,0.026291341,0.229431303,0.220232808,0.024902899,0.032307545,0.041465055,0.176395198,0.03871007,0.232304022,0.089454109,0.112733411,0.106843416,0.213187282,0.040238482,0.165409176,0.05726028,0.133343569,0.183656573,0.036701425,0.183417783,0.044389604,0.160577643,0.197006325,0.034465787,0.126248957,0.030778318,0.262848567,0.072682999,0.048469613,0.230378797,0.126746753,0.264276664,0.0650288,0.067260949,0.15966988,0.195904355,0.144763739,0.103439091,0.054232298,0.083918714,0.257199801,0.137327571,0.09482526,0.056120203,0.08653105,0.245109477,0.108493141,0.164134466,0.160325133,0.147604964,0.096484188,0.178475826,0.305726295,0.109052981,0.036472577,0.324834122,0.157641706,0.042978621,0.177638044,0.159220014,0.131050812,0.120451173,0.09505241,0.174068506,0.054281094,0.138583509,0.183565217,0.070349214,0.22014766,0.174964586,0.05660288,0.043689114,0.278445936,0.104442602,0.050584878,0.101041034,0.122921321,0.155993653,0.025196037,0.060169255,0.028848515,0.030070914,0.098356294,0.140688327,0.054219647,0.139225212,0.071083111,0.068587361,0.021264937,0.027134399,0.063030899,0.104619922,0.038680038,0.033466996,0.068625668,0.083545697,0.067949964,0.190841532,0.250449486,0.290358196,0.035402861,0.035842619,0.078975038,0.069874399,0.227479812,0.068471152,0.057414709,0.127975689,0.221183807,0.156464075,0.06753839,0.072631585,0.221118061,0.06551428,0.075215163,0.061056307,0.100027311,0.169451487,0.034037504,0.046931766,0.07252154,0.052918287,0.038270078,0.059740094,0.257018004,0.165611616,0.192718789
0.047700836,0.064905976,0.057004221,0.109002772,0.177303883,0.145144004,0.05515134,0.021079274,0.036274924,0.118695613,0.118562212,0.227951631,0.168480129,0.098019508,0.078190112,0.040489258,0.030706956,0.142940595,0.054696955,0.121031784,0.110683097,0.076277591,0.023730362,0.098354297,0.089127006,0.057307669,0.048562123,0.120738055,0.043054139,0.042319307,0.290624106,0.733175881,0.116428236,0.269294742,0.836479831,0.02092409,0.284969524,0.297367308,0.237059273,0.117324722,0.703965039,0.785735694,0.079549713,0.189720273,0.222479024,0.265400993,0.029398488,0.142627587,0.183027869,1.204427595,0.869857506,0.348153826,0.953864289,0.022854446,0.15299626,0.281593669,0.049079702,0.042730769,0.014293004,0.214089767,0.040055262,0.272965937,0.147895938,0.068475519,0.129406473,0.141436799,0.051412348,0.108800796,0.025435794,0.117802928,0.214631565,0.030803659,0.066328531,0.173407813,0.224524986,0.202423077,0.029216191,0.117625217,0.043346069,0.29328544,0.103819096,0.030639503,0.167809243,0.129931235,0.305113768,0.043407875,0.03863773,0.195828696,0.119395764,0.140740305,0.173577425,0.04107959,0.096096073,0.261413618,0.095390105,0.076187585,0.056224629,0.105914108,0.162712053,0.085092497,0.168797262,0.193534784,0.171176501,0.037238031,0.184739838,0.229942901,0.160612905,0.054027748,0.244489189,0.19985492,0.044745179,0.143106822,0.117080858,0.184333803,0.068915113,0.064654253,0.217759836,0.041475037,0.169393046,0.16956831,0.021143349,0.263117702,0.188423594,0.024145623,0.044874119,0.26443484,0.111743708,0.047605405,0.106494958,0.15131808,0.15569735,0.0313024,0.094238621,0.018010814,0.037559764,0.054231215,0.169352114,0.062875455,0.171951115,0.047248875,0.152396337,0.016011757,0.020296888,0.061549718,0.117833757,0.035277148,0.036301363,0.059196083,0.079860789,0.059771253,0.13324521,0.243565814,0.242169863,0.038307424,0.036550775,0.075910748,0.061112926,0.231791252,0.058218848,0.070393006,0.03925465,0.171129996,0.266117471,0.106247569,0.08416525,0.101810225,0.082493033,0.115663907,0.077450719,0.072149347,0.107632254,0.026100389,0.049881304,0.091102286,0.083808748,0.035645608,0.083778706,0.173550493,0.10587967,0.243652332
0.03987017,0.067904083,0.130591199,0.146357337,0.085300673,0.072575778,0.11361074,0.026272744,0.02528398,0.161141194,0.17643492,0.184258364,0.202314355,0.110031491,0.142666903,0.04291364,0.024243878,0.062587944,0.079560644,0.089743244,0.173873704,0.102538658,0.025812104,0.161352845,0.074317582,0.050383379,0.039389741,0.094567411,0.095840566,0.064225078,0.304146767,0.640570668,0.083749271,0.276141268,0.750908647,0.049417439,0.252760497,0.284731091,0.281936065,0.091118553,0.748524546,0.909940771,0.049055622,0.231407823,0.211230348,0.230516365,0.056142204,0.161567843,0.18367109,1.172934565,0.694311265,0.163061768,1.0735122,0.037565062,0.161003148,0.260056322,0.043485695,0.052780336,0.029254995,0.17495039,0.058109192,0.270521184,0.107054516,0.106196427,0.142159313,0.148029025,0.061103271,0.151191456,0.057386895,0.139879955,0.2341532,0.049810133,0.103208157,0.194426428,0.19527837,0.222398554,0.033465369,0.130539641,0.066573737,0.232502226,0.147406544,0.034016169,0.154532173,0.138339845,0.272311531,0.03503483,0.019945558,0.235098075,0.101497127,0.163800716,0.25848136,0.056334162,0.145211506,0.299938861,0.131217114,0.093551733,0.07747723,0.146196646,0.074226417,0.118271184,0.194578348,0.299390903,0.175513408,0.042656723,0.088133091,0.156369934,0.207089926,0.035770454,0.160736855,0.170169802,0.046091289,0.159411484,0.141751536,0.201570268,0.057420553,0.038829263,0.266996307,0.070372722,0.187482108,0.179234233,0.044958485,0.101928442,0.220344432,0.017301128,0.039746647,0.257106676,0.074103028,0.022465582,0.138610771,0.146939374,0.109621642,0.018998508,0.08723431,0.016994914,0.035682973,0.052896296,0.202961675,0.095630435,0.180115968,0.152476054,0.187539977,0.040646461,0.025060674,0.093671514,0.068183716,0.037758927,0.047685824,0.079780018,0.063293013,0.035740335,0.148269182,0.230364457,0.160641031,0.042456173,0.033352957,0.074272286,0.054369395,0.203427478,0.048384707,0.07958701,0.053075033,0.141841389,0.205025118,0.069215952,0.05978535,0.129159988,0.074823189,0.084690934,0.056833289,0.075965249,0.132802281,0.081654996,0.086782398,0.10562576,0.121855372,0.025705887,0.040224621,0.159809083,0.140412178,0.214385085
0.039993545,0.080801905,0.179224322,0.104021331,0.102820184,0.197963356,0.248287932,0.033044946,0.067372993,0.203286555,0.168500563,0.145466649,0.139120531,0.109536605,0.125672022,0.062126424,0.025661431,0.041429133,0.083807422,0.107083625,0.289671455,0.122767423,0.033778282,0.186119008,0.133514125,0.046647806,0.026425394,0.076695438,0.108967528,0.067384582,0.289409857,0.587192167,0.068134369,0.20347604,0.630504735,0.032046914,0.241031841,0.232995236,0.300747241,0.084486829,0.811301694,1.007659188,0.053432026,0.249517268,0.227539718,0.269923059,0.046060672,0.25773924,0.206680328,1.211000684,0.724989678,0.201871298,1.207721865,0.035020238,0.16170547,0.207700567,0.046156195,0.036849436,0.017371232,0.217155103,0.056984407,0.208954661,0.246464208,0.119534486,0.109402367,0.23357827,0.022860172,0.135744786,0.056299609,0.122476227,0.255689075,0.055495425,0.165520844,0.12176594,0.170142342,0.250997549,0.038475438,0.151948185,0.052873466,0.246092509,0.1475936,0.062901748,0.164420053,0.18203034,0.264770862,0.048605843,0.02692243,0.19010425,0.163931721,0.220687274,0.229260253,0.053604545,0.044713426,0.22349378,0.193038016,0.110290365,0.081847732,0.204902178,0.166991873,0.046826566,0.210345684,0.229670688,0.145633068,0.026332586,0.093114002,0.195385526,0.224945168,0.092708283,0.203001839,0.200182111,0.058157205,0.165418528,0.137318675,0.223650842,0.051520813,0.013481976,0.210868382,0.064810224,0.079711892,0.163541398,0.045515062,0.152765371,0.186346187,0.018470183,0.038424646,0.218505632,0.176141876,0.040678147,0.14014989,0.140145454,0.112814951,0.011284684,0.067555156,0.02093846,0.043306911,0.082011609,0.248659567,0.093468102,0.186569474,0.18966483,0.116133931,0.050035828,0.042912435,0.111824104,0.062893576,0.02262771,0.023441617,0.091505786,0.045929216,0.035382798,0.170049,0.158495566,0.169013786,0.038578219,0.058832756,0.068316438,0.090711196,0.293686776,0.061832591,0.094979021,0.053338197,0.169254126,0.137168736,0.0254518,0.05887655,0.2016381,0.093354847,0.064661784,0.029569926,0.086895959,0.201175155,0.072440407,0.087212176,0.18711334,0.168071123,0.050143936,0.064905103,0.1332498,0.146092497,0.182506327
0.047270468,0.069467799,0.117305391,0.046128596,0.122831566,0.186727972,0.237851056,0.020219374,0.074743471,0.14345672,0.09239003,0.080451817,0.065549061,0.066411851,0.101546256,0.060208493,0.031248993,0.075628949,0.037873858,0.116566747,0.24673528,0.100185848,0.03169829,0.087810713,0.092935488,0.039415544,0.022471069,0.080199943,0.076812479,0.05731086,0.188722794,0.705013454,0.063312125,0.241227072,0.621191854,0.126375346,0.225209176,0.29457175,0.251730533,0.01514503,0.831991533,0.928181613,0.075067787,0.137045527,0.261332895,0.248142924,0.040238859,0.212032807,0.354683475,1.129244948,0.947590809,0.269960507,1.187450196,0.02592995,0.10595198,0.259464583,0.066997299,0.07465973,0.012248995,0.259313311,0.044355166,0.259725247,0.243868869,0.093537519,0.08563022,0.288012595,0.039553821,0.126405886,0.04547703,0.205108176,0.227792075,0.077602473,0.121755071,0.07156267,0.128311917,0.19479551,0.043280701,0.098822875,0.046000766,0.290590643,0.183092854,0.047635601,0.173879312,0.219551942,0.245252472,0.068443836,0.04519381,0.18449703,0.217447123,0.187645498,0.267209543,0.038747521,0.024581072,0.272095438,0.18093302,0.098163748,0.066121784,0.261545208,0.123328784,0.068523471,0.211374675,0.192335898,0.125400156,0.032822973,0.200991031,0.195227987,0.212033848,0.147134169,0.242564557,0.203897013,0.010284603,0.121374764,0.304382958,0.209623463,0.052243194,0.028063451,0.19011446,0.056012466,0.107920763,0.151764638,0.02837648,0.183051005,0.085062732,0.01414116,0.033020066,0.139721429,0.134590888,0.028476285,0.098193887,0.114992455,0.121837358,0.041858862,0.075496775,0.0172794,0.040994847,0.115664296,0.163502712,0.072019037,0.232074204,0.127939366,0.089058013,0.052666409,0.027453009,0.076840437,0.055014604,0.026980356,0.025296418,0.078699978,0.048046024,0.030901839,0.112800784,0.181849411,0.164098621,0.040983972,0.050819199,0.055783322,0.046340105,0.228105565,0.062532662,0.072426708,0.073824629,0.222262743,0.160589771,0.111852595,0.047998087,0.170605822,0.158621352,0.066347565,0.036319165,0.133455289,0.181274381,0.038258544,0.080624176,0.24027248,0.113631898,0.018763738,0.027485539,0.203729384,0.114877456,0.096856127