SB02_Trial05_norm_spliced.csv_y_ap_ent,SB02_Trial24_norm_spliced.csv_y_ap_ent,SB02_Trial30_norm_spliced.csv_y_ap_ent,SB02_Trial11_norm_spliced.csv_y_ap_ent,SB02_Trial15_norm_spliced.csv_y_ap_ent,SB02_Trial20_norm_spliced.csv_y_ap_ent,SB02_Trial25_norm_spliced.csv_y_ap_ent,SB02_Trial04_norm_spliced.csv_y_ap_ent,SB02_Trial10_norm_spliced.csv_y_ap_ent,SB02_Trial31_norm_spliced.csv_y_ap_ent,SB02_Trial14_norm_spliced.csv_y_ap_ent,SB02_Trial21_norm_spliced.csv_y_ap_ent,SB02_Trial13_norm_spliced.csv_y_ap_ent,SB02_Trial18_norm_spliced.csv_y_ap_ent,SB02_Trial26_norm_spliced.csv_y_ap_ent,SB02_Trial07_norm_spliced.csv_y_ap_ent,SB02_Trial03_norm_spliced.csv_y_ap_ent,SB02_Trial22_norm_spliced.csv_y_ap_ent,SB02_Trial08_norm_spliced.csv_y_ap_ent,SB02_Trial29_norm_spliced.csv_y_ap_ent,SB02_Trial17_norm_spliced.csv_y_ap_ent,SB02_Trial12_norm_spliced.csv_y_ap_ent,SB02_Trial06_norm_spliced.csv_y_ap_ent,SB02_Trial19_norm_spliced.csv_y_ap_ent,SB02_Trial27_norm_spliced.csv_y_ap_ent,SB02_Trial23_norm_spliced.csv_y_ap_ent,SB02_Trial02_norm_spliced.csv_y_ap_ent,SB02_Trial28_norm_spliced.csv_y_ap_ent,SB02_Trial16_norm_spliced.csv_y_ap_ent,SB02_Trial09_norm_spliced.csv_y_ap_ent,SB05_Trial17_norm_spliced.csv_y_ap_ent,SB05_Trial29_norm_spliced.csv_y_ap_ent,SB05_Trial08_norm_spliced.csv_y_ap_ent,SB05_Trial22_norm_spliced.csv_y_ap_ent,SB05_Trial03_norm_spliced.csv_y_ap_ent,SB05_Trial07_norm_spliced.csv_y_ap_ent,SB05_Trial26_norm_spliced.csv_y_ap_ent,SB05_Trial18_norm_spliced.csv_y_ap_ent,SB05_Trial13_norm_spliced.csv_y_ap_ent,SB05_Trial09_norm_spliced.csv_y_ap_ent,SB05_Trial16_norm_spliced.csv_y_ap_ent,SB05_Trial28_norm_spliced.csv_y_ap_ent,SB05_Trial02_norm_spliced.csv_y_ap_ent,SB05_Trial23_norm_spliced.csv_y_ap_ent,SB05_Trial27_norm_spliced.csv_y_ap_ent,SB05_Trial19_norm_spliced.csv_y_ap_ent,SB05_Trial06_norm_spliced.csv_y_ap_ent,SB05_Trial12_norm_spliced.csv_y_ap_ent,SB05_Trial20_norm_spliced.csv_y_ap_ent,SB05_Trial15_norm_spliced.csv_y_ap_ent,SB05_Trial11_norm_spliced.csv_y_ap_ent,SB05_Trial30_norm_spliced.csv_y_ap_ent,SB05_Trial24_norm_spliced.csv_y_ap_ent,SB05_Trial05_norm_spliced.csv_y_ap_ent,SB05_Trial21_norm_spliced.csv_y_ap_ent,SB05_Trial14_norm_spliced.csv_y_ap_ent,SB05_Trial31_norm_spliced.csv_y_ap_ent,SB05_Trial10_norm_spliced.csv_y_ap_ent,SB05_Trial04_norm_spliced.csv_y_ap_ent,SB05_Trial25_norm_spliced.csv_y_ap_ent,SB04_Trial06_norm_spliced.csv_y_ap_ent,SB04_Trial27_norm_spliced.csv_y_ap_ent,SB04_Trial19_norm_spliced.csv_y_ap_ent,SB04_Trial12_norm_spliced.csv_y_ap_ent,SB04_Trial16_norm_spliced.csv_y_ap_ent,SB04_Trial28_norm_spliced.csv_y_ap_ent,SB04_Trial09_norm_spliced.csv_y_ap_ent,SB04_Trial23_norm_spliced.csv_y_ap_ent,SB04_Trial02_norm_spliced.csv_y_ap_ent,SB04_Trial26_norm_spliced.csv_y_ap_ent,SB04_Trial18_norm_spliced.csv_y_ap_ent,SB04_Trial07_norm_spliced.csv_y_ap_ent,SB04_Trial13_norm_spliced.csv_y_ap_ent,SB04_Trial08_norm_spliced.csv_y_ap_ent,SB04_Trial17_norm_spliced.csv_y_ap_ent,SB04_Trial29_norm_spliced.csv_y_ap_ent,SB04_Trial03_norm_spliced.csv_y_ap_ent,SB04_Trial22_norm_spliced.csv_y_ap_ent,SB04_Trial10_norm_spliced.csv_y_ap_ent,SB04_Trial31_norm_spliced.csv_y_ap_ent,SB04_Trial25_norm_spliced.csv_y_ap_ent,SB04_Trial04_norm_spliced.csv_y_ap_ent,SB04_Trial21_norm_spliced.csv_y_ap_ent,SB04_Trial14_norm_spliced.csv_y_ap_ent,SB04_Trial30_norm_spliced.csv_y_ap_ent,SB04_Trial11_norm_spliced.csv_y_ap_ent,SB04_Trial05_norm_spliced.csv_y_ap_ent,SB04_Trial24_norm_spliced.csv_y_ap_ent,SB04_Trial20_norm_spliced.csv_y_ap_ent,SB04_Trial15_norm_spliced.csv_y_ap_ent,SB06_Trial24_norm_spliced.csv_y_ap_ent,SB06_Trial05_norm_spliced.csv_y_ap_ent,SB06_Trial11_norm_spliced.csv_y_ap_ent,SB06_Trial30_norm_spliced.csv_y_ap_ent,SB06_Trial15_norm_spliced.csv_y_ap_ent,SB06_Trial20_norm_spliced.csv_y_ap_ent,SB06_Trial04_norm_spliced.csv_y_ap_ent,SB06_Trial25_norm_spliced.csv_y_ap_ent,SB06_Trial31_norm_spliced.csv_y_ap_ent,SB06_Trial10_norm_spliced.csv_y_ap_ent,SB06_Trial14_norm_spliced.csv_y_ap_ent,SB06_Trial21_norm_spliced.csv_y_ap_ent,SB06_Trial13_norm_spliced.csv_y_ap_ent,SB06_Trial07_norm_spliced.csv_y_ap_ent,SB06_Trial26_norm_spliced.csv_y_ap_ent,SB06_Trial18_norm_spliced.csv_y_ap_ent,SB06_Trial22_norm_spliced.csv_y_ap_ent,SB06_Trial03_norm_spliced.csv_y_ap_ent,SB06_Trial17_norm_spliced.csv_y_ap_ent,SB06_Trial29_norm_spliced.csv_y_ap_ent,SB06_Trial08_norm_spliced.csv_y_ap_ent,SB06_Trial12_norm_spliced.csv_y_ap_ent,SB06_Trial27_norm_spliced.csv_y_ap_ent,SB06_Trial19_norm_spliced.csv_y_ap_ent,SB06_Trial06_norm_spliced.csv_y_ap_ent,SB06_Trial02_norm_spliced.csv_y_ap_ent,SB06_Trial23_norm_spliced.csv_y_ap_ent,SB06_Trial09_norm_spliced.csv_y_ap_ent,SB06_Trial16_norm_spliced.csv_y_ap_ent,SB06_Trial28_norm_spliced.csv_y_ap_ent,SB01_Trial08_norm_spliced.csv_y_ap_ent,SB01_Trial29_norm_spliced.csv_y_ap_ent,SB01_Trial17_norm_spliced.csv_y_ap_ent,SB01_Trial03_norm_spliced.csv_y_ap_ent,SB01_Trial22_norm_spliced.csv_y_ap_ent,SB01_Trial18_norm_spliced.csv_y_ap_ent,SB01_Trial26_norm_spliced.csv_y_ap_ent,SB01_Trial07_norm_spliced.csv_y_ap_ent,SB01_Trial13_norm_spliced.csv_y_ap_ent,SB01_Trial28_norm_spliced.csv_y_ap_ent,SB01_Trial16_norm_spliced.csv_y_ap_ent,SB01_Trial09_norm_spliced.csv_y_ap_ent,SB01_Trial23_norm_spliced.csv_y_ap_ent,SB01_Trial02_norm_spliced.csv_y_ap_ent,SB01_Trial06_norm_spliced.csv_y_ap_ent,SB01_Trial19_norm_spliced.csv_y_ap_ent,SB01_Trial27_norm_spliced.csv_y_ap_ent,SB01_Trial12_norm_spliced.csv_y_ap_ent,SB01_Trial20_norm_spliced.csv_y_ap_ent,SB01_Trial15_norm_spliced.csv_y_ap_ent,SB01_Trial30_norm_spliced.csv_y_ap_ent,SB01_Trial11_norm_spliced.csv_y_ap_ent,SB01_Trial05_norm_spliced.csv_y_ap_ent,SB01_Trial24_norm_spliced.csv_y_ap_ent,SB01_Trial21_norm_spliced.csv_y_ap_ent,SB01_Trial14_norm_spliced.csv_y_ap_ent,SB01_Trial10_norm_spliced.csv_y_ap_ent,SB01_Trial31_norm_spliced.csv_y_ap_ent,SB01_Trial25_norm_spliced.csv_y_ap_ent,SB01_Trial04_norm_spliced.csv_y_ap_ent,SB08_Trial12_norm_spliced.csv_y_ap_ent,SB08_Trial19_norm_spliced.csv_y_ap_ent,SB08_Trial27_norm_spliced.csv_y_ap_ent,SB08_Trial06_norm_spliced.csv_y_ap_ent,SB08_Trial02_norm_spliced.csv_y_ap_ent,SB08_Trial23_norm_spliced.csv_y_ap_ent,SB08_Trial09_norm_spliced.csv_y_ap_ent,SB08_Trial28_norm_spliced.csv_y_ap_ent,SB08_Trial16_norm_spliced.csv_y_ap_ent,SB08_Trial13_norm_spliced.csv_y_ap_ent,SB08_Trial07_norm_spliced.csv_y_ap_ent,SB08_Trial18_norm_spliced.csv_y_ap_ent,SB08_Trial26_norm_spliced.csv_y_ap_ent,SB08_Trial22_norm_spliced.csv_y_ap_ent,SB08_Trial03_norm_spliced.csv_y_ap_ent,SB08_Trial29_norm_spliced.csv_y_ap_ent,SB08_Trial17_norm_spliced.csv_y_ap_ent,SB08_Trial08_norm_spliced.csv_y_ap_ent,SB08_Trial04_norm_spliced.csv_y_ap_ent,SB08_Trial25_norm_spliced.csv_y_ap_ent,SB08_Trial31_norm_spliced.csv_y_ap_ent,SB08_Trial10_norm_spliced.csv_y_ap_ent,SB08_Trial14_norm_spliced.csv_y_ap_ent,SB08_Trial21_norm_spliced.csv_y_ap_ent,SB08_Trial24_norm_spliced.csv_y_ap_ent,SB08_Trial05_norm_spliced.csv_y_ap_ent,SB08_Trial11_norm_spliced.csv_y_ap_ent,SB08_Trial30_norm_spliced.csv_y_ap_ent,SB08_Trial15_norm_spliced.csv_y_ap_ent,SB08_Trial20_norm_spliced.csv_y_ap_ent
0.029527164,0.101328208,0.137505577,0.136625109,0.106568424,0.225040031,0.053707677,0.066926184,0.144083441,0.081803271,0.12813467,0.096613085,0.147370919,0.25227499,0.159421864,0.215414603,0.038961819,0.09900868,0.025119586,0.23020579,0.141021411,0.120898165,0.044897524,0.141126242,0.258673685,0.17507677,0.033539685,0.196970124,0.113056957,0.149424693,0.253716431,0.605247591,0.183140802,0.250388926,0.827949084,0.169547822,0.144585362,0.268768582,0.075157804,0.178644447,0.739177092,0.772300775,0.196786109,0.182905503,0.232473366,0.243073647,0.170618447,0.142854293,0.336817693,0.805957776,1.011046324,0.282851344,0.815821013,0.087739235,0.212549222,0.104756181,0.10117635,0.040418761,0.036246524,0.157860076,0.041690024,0.126844159,0.162865655,0.050693791,0.128964377,0.262844467,0.033547134,0.065694425,0.067214748,0.081429924,0.096593952,0.068708846,0.080050072,0.064435413,0.102338573,0.249783627,0.04009055,0.178916975,0.034087536,0.243359284,0.105865094,0.030569539,0.092149299,0.182592436,0.13241399,0.051524821,0.062986648,0.117259927,0.167075535,0.080208497,0.086720281,0.013902159,0.065564627,0.161384067,0.050847988,0.237558681,0.07229802,0.067811524,0.171369558,0.063200736,0.078159948,0.219404848,0.110831092,0.126800372,0.124567247,0.246557765,0.037538099,0.054756671,0.19104823,0.162981582,0.064040102,0.087951399,0.131894496,0.243327224,0.057800606,0.03156962,0.032160809,0.086916758,0.15538794,0.102284732,0.133761272,0.231649503,0.166209809,0.032712378,0.088364768,0.198147234,0.143187769,0.122872009,0.137303476,0.184572735,0.12698349,0.049154437,0.194791492,0.028728211,0.04846106,0.225320001,0.340911925,0.126045994,0.155427251,0.096719405,0.224945365,0.044428853,0.135385077,0.121633989,0.231938685,0.116793816,0.074000005,0.276161906,0.125094256,0.026297325,0.181470398,0.154449859,0.235879368,0.12975353,0.025275586,0.138626167,0.238510907,0.161553046,0.063242255,0.068663043,0.091293895,0.230305528,0.186893858,0.071599901,0.050135087,0.225302729,0.290465195,0.228427951,0.013356327,0.191174684,0.121895655,0.030018364,0.174379477,0.21063234,0.104134084,0.073779569,0.155199594,0.182838957,0.061748364,0.213219425
0.024995646,0.084171416,0.188423349,0.147095745,0.10333068,0.145708953,0.095006106,0.079776125,0.148572349,0.213618764,0.128331227,0.125923575,0.052279824,0.104238784,0.149950045,0.227388653,0.068161574,0.135803054,0.106316137,0.163062444,0.136521142,0.088298075,0.076734184,0.158743126,0.261591512,0.129906337,0.042387172,0.212190215,0.085780658,0.080144778,0.215999933,0.682072553,0.119616161,0.279913628,0.758251267,0.173438867,0.233832163,0.249886859,0.093046007,0.09175609,0.72287496,0.720774766,0.160278139,0.137587942,0.160099311,0.244907936,0.149091927,0.097489244,0.158755981,0.900019693,1.012656792,0.213858602,0.809432657,0.103344345,0.223657693,0.122923659,0.091371016,0.061885834,0.061098692,0.208777035,0.04917415,0.236261532,0.233580907,0.030438149,0.12906797,0.228281282,0.04936101,0.108691772,0.037980353,0.147577349,0.144504301,0.071804146,0.167792823,0.045529518,0.17423485,0.267128499,0.030651766,0.191764623,0.021058213,0.231607054,0.09421278,0.058376021,0.177970971,0.11174777,0.141983365,0.045683079,0.055606287,0.138438638,0.207437511,0.078815517,0.063874409,0.047488182,0.082601114,0.140692773,0.035501052,0.302657609,0.062276266,0.079559243,0.135355202,0.052655541,0.064456343,0.149659522,0.020426661,0.125568841,0.080526745,0.231689679,0.0895609,0.083618189,0.21701215,0.118030277,0.044454161,0.041720957,0.065120633,0.249789282,0.045112377,0.022629967,0.05345893,0.089273358,0.12038347,0.098042561,0.093813971,0.24012917,0.091915268,0.030335584,0.194235374,0.18559918,0.131040729,0.182224303,0.194653357,0.100599843,0.174936021,0.012594135,0.157697721,0.049658222,0.048082536,0.259046556,0.274305125,0.121313381,0.156432452,0.122960073,0.115976925,0.038514699,0.070879176,0.106830453,0.229403858,0.155269258,0.059932684,0.252991495,0.108582567,0.065853085,0.228320318,0.255990619,0.241948443,0.091346115,0.041016269,0.147378997,0.237624319,0.237514451,0.098298959,0.100617111,0.148265667,0.229858439,0.106099964,0.052403314,0.029614425,0.248997722,0.234146141,0.208842943,0.083050221,0.149351217,0.155756227,0.116822689,0.099873673,0.238908451,0.054670073,0.081498974,0.099692356,0.206016205,0.054011802,0.178038238
0.039642923,0.068254034,0.201067764,0.143675478,0.106886309,0.199470548,0.158853871,0.102452362,0.074055264,0.215541558,0.096799752,0.107007358,0.075873711,0.143132891,0.108196383,0.201723455,0.058073687,0.111768307,0.216366666,0.134086354,0.23449902,0.054622799,0.05535153,0.185754886,0.211410852,0.066112638,0.025813209,0.197346675,0.043693061,0.083902838,0.197361584,0.776058921,0.102673915,0.24017154,0.674916212,0.130278888,0.264034553,0.271015456,0.126127423,0.089931151,0.740933253,0.669295322,0.093414361,0.142789179,0.115472235,0.234293268,0.071580497,0.077197796,0.162054948,0.921130408,1.055729784,0.172609278,0.763057569,0.086688171,0.184555399,0.112409042,0.080430109,0.072238015,0.040484679,0.122791193,0.047008401,0.185058159,0.268159054,0.044660653,0.192728375,0.21938791,0.062039242,0.136619152,0.050849512,0.200510606,0.198877076,0.060429421,0.181974449,0.039118876,0.26773003,0.180443151,0.017186875,0.126711567,0.032538747,0.258583972,0.099275441,0.062811721,0.171805509,0.093956287,0.207967263,0.053546015,0.049556909,0.100635307,0.22522676,0.077640092,0.055764002,0.036471684,0.091294877,0.088382611,0.100281997,0.24337696,0.047879428,0.09603071,0.053656674,0.038811995,0.044534319,0.185733945,0.154398634,0.066972161,0.150535953,0.17920494,0.040988261,0.038438803,0.270692726,0.146628238,0.023689275,0.076031847,0.129045993,0.285248778,0.028574821,0.056186703,0.103228775,0.036314286,0.156760472,0.158500238,0.226253139,0.215598995,0.139006202,0.031635563,0.240437344,0.234658729,0.127952485,0.155966269,0.170536178,0.207249364,0.139185323,0.152846263,0.094865745,0.055334919,0.046525896,0.220849468,0.226880509,0.132730113,0.063930214,0.100732491,0.145299632,0.034031037,0.042222414,0.089526027,0.217475181,0.137482749,0.06821415,0.307301917,0.152409239,0.060258491,0.14411554,0.27358001,0.218700557,0.074643702,0.064344035,0.070585175,0.173278319,0.223851088,0.082527679,0.127688978,0.155139579,0.229756771,0.067861358,0.080759821,0.093516243,0.147813909,0.25652092,0.08589719,0.061528112,0.119304012,0.266442511,0.171531426,0.11552739,0.131077887,0.079210156,0.042897018,0.087789611,0.232135902,0.092022699,0.172272164
0.036651665,0.110974362,0.11440934,0.10287945,0.085511718,0.225301628,0.173531378,0.103469132,0.020862337,0.210860445,0.088941292,0.136720439,0.053680435,0.134710702,0.164682114,0.224197751,0.068419768,0.132285972,0.176344858,0.125912981,0.121985434,0.04798234,0.040845725,0.136914269,0.045770479,0.053222808,0.039478389,0.216569619,0.090108756,0.100379924,0.248801747,0.753500868,0.044190636,0.243330836,0.621778931,0.102039371,0.257370543,0.301177761,0.111245843,0.169585501,0.707270219,0.635881313,0.049624928,0.183642004,0.138094288,0.201731815,0.052391208,0.050751313,0.218322004,0.865747741,1.174330393,0.213807862,0.733944847,0.016374263,0.145495413,0.062692743,0.140564576,0.114052771,0.014636977,0.130023667,0.06723411,0.099406309,0.183958145,0.088795199,0.146866273,0.292433895,0.072708424,0.177015694,0.034683958,0.216182302,0.090746909,0.075501161,0.104859764,0.044658958,0.28436538,0.13487412,0.037427251,0.089689094,0.056113609,0.260045009,0.144956186,0.036753673,0.148127111,0.088563624,0.183706249,0.10971715,0.064978809,0.13164034,0.184175571,0.077057581,0.066036968,0.037637702,0.042561359,0.037834742,0.076156318,0.239072345,0.056202013,0.05406347,0.053172032,0.076902632,0.135214399,0.240861389,0.166820019,0.098449006,0.080890122,0.210739494,0.075916839,0.041167423,0.264097464,0.179743848,0.040044547,0.052089971,0.161483964,0.207763966,0.063385448,0.04841561,0.082531016,0.064500516,0.090851393,0.150807143,0.201355256,0.23320422,0.209553764,0.044617656,0.16210164,0.179674374,0.203682864,0.061616756,0.104447326,0.199587732,0.130466591,0.104279429,0.083529678,0.033443135,0.035668057,0.144772278,0.157114893,0.118025589,0.207423619,0.094551101,0.229696115,0.043505733,0.068463146,0.059062523,0.184127694,0.161204036,0.064875229,0.303048136,0.199872852,0.066311888,0.121752497,0.304756876,0.182806168,0.067818371,0.042408202,0.10499609,0.144163327,0.146380056,0.137485947,0.118295431,0.156333362,0.247095216,0.08609925,0.084300248,0.099185967,0.259800467,0.255507999,0.181826955,0.060375488,0.091316846,0.146038663,0.1782535,0.083690286,0.192762709,0.050502893,0.046946988,0.105578868,0.158352411,0.092923619,0.256500733
0.034940265,0.135029711,0.139874929,0.130805154,0.080555596,0.180025728,0.081856084,0.083411809,0.17904426,0.197938553,0.08318255,0.106543363,0.052332679,0.13533438,0.193934702,0.152789883,0.06793575,0.139696582,0.095830125,0.061154485,0.185703609,0.154647111,0.013525662,0.155416754,0.209976707,0.043003081,0.04988556,0.199640485,0.075744819,0.095082926,0.243310617,0.808556845,0.124074368,0.278534898,0.589628269,0.064848701,0.136449354,0.265606432,0.179233668,0.147478478,0.730651148,0.72705485,0.010820913,0.218847651,0.240824557,0.229137455,0.10979452,0.074516506,0.147246843,0.776039398,1.201509788,0.238534285,0.702148439,0.034454982,0.18676626,0.040859923,0.119664267,0.099426501,0.006554494,0.235943922,0.070807056,0.11754074,0.198507892,0.098098174,0.042982658,0.292108435,0.067222251,0.179234928,0.024065066,0.2104189,0.036806653,0.078552238,0.137056013,0.035425662,0.197760745,0.217022568,0.015136792,0.076194779,0.05874628,0.247286668,0.166799186,0.047779541,0.088517125,0.109546066,0.138550298,0.088718526,0.063885169,0.148550493,0.154063894,0.057956636,0.075854116,0.028832627,0.076079015,0.058286896,0.08545684,0.289643151,0.050397785,0.136766788,0.068319548,0.108776107,0.145295624,0.273127567,0.132674253,0.086240561,0.097734274,0.281680313,0.120374022,0.03180381,0.199653792,0.185604208,0.054555144,0.06126535,0.159451066,0.201239448,0.058980759,0.035536414,0.095034112,0.0721289,0.07444121,0.148409272,0.092872454,0.228005744,0.178633983,0.048267897,0.092468268,0.172678476,0.103851249,0.076760257,0.082502049,0.165796286,0.135656298,0.097200532,0.093011379,0.037548497,0.048188405,0.14965424,0.103399786,0.156685193,0.274295599,0.055655829,0.270208578,0.050858408,0.048899094,0.062691907,0.192150941,0.130999894,0.097511594,0.20223819,0.182113027,0.067262061,0.100730717,0.17672614,0.116129639,0.050428198,0.069165254,0.105564639,0.100596479,0.204681522,0.092311095,0.171956356,0.198460197,0.208908999,0.157446831,0.069063379,0.073007032,0.262349118,0.268774538,0.152323342,0.070460813,0.080639713,0.191393138,0.087513937,0.110757485,0.161032277,0.181999942,0.079995385,0.109331598,0.196390948,0.10937347,0.334038613
0.043475952,0.147967108,0.153931633,0.075078885,0.128220506,0.130925143,0.061824213,0.076598322,0.11881264,0.085874253,0.130734684,0.062738733,0.042529311,0.094797912,0.19966424,0.140816596,0.034927528,0.139444475,0.051342437,0.174614121,0.203573937,0.219257438,0.059746263,0.205400767,0.154233322,0.062660975,0.054748488,0.127787283,0.058517733,0.099535698,0.242557752,0.800212108,0.109420166,0.275639097,0.67335074,0.06000011,0.220104048,0.208408692,0.157416333,0.053359927,0.66885577,0.754074526,0.068779411,0.17494858,0.199706465,0.211079138,0.158703496,0.178638697,0.206128705,0.695345568,1.220393823,0.125295509,0.693215139,0.061824956,0.218171485,0.064489831,0.096251117,0.051501022,0.006749774,0.217229776,0.044712726,0.21534973,0.064975523,0.121911847,0.069812447,0.265018433,0.065291341,0.139996083,0.021109232,0.181427218,0.082586237,0.06669205,0.124147384,0.04958015,0.23095591,0.238970853,0.045543164,0.143771198,0.055488159,0.212947487,0.078576818,0.045722094,0.150422704,0.100079678,0.139503384,0.078058302,0.050215386,0.164443178,0.160357004,0.093851831,0.132846469,0.024234984,0.061766119,0.069283861,0.089421308,0.26289391,0.036696005,0.070049563,0.167095095,0.059829425,0.148854595,0.134739674,0.113350364,0.031581755,0.079025455,0.142879399,0.095923655,0.014077049,0.244800607,0.255754642,0.063112761,0.049228059,0.122661279,0.170614764,0.043706834,0.075215555,0.079489607,0.037146467,0.05216917,0.113357518,0.02889924,0.112334204,0.141475604,0.047783001,0.074409163,0.246822951,0.110594722,0.092278708,0.131190085,0.287078327,0.187438288,0.078253681,0.063445281,0.035087073,0.05897036,0.184210478,0.168374499,0.120067731,0.154007234,0.070840584,0.372872254,0.037147892,0.02930226,0.097541467,0.154020596,0.084785359,0.089006091,0.142649461,0.1429087,0.042177661,0.053670009,0.147460971,0.207301037,0.029814931,0.002959003,0.109533939,0.090418364,0.349617459,0.057926264,0.1669258,0.193857386,0.206567679,0.101146058,0.041352866,0.053453799,0.189469908,0.254982588,0.118166011,0.051065336,0.17150402,0.150178632,0.072198791,0.136282768,0.198974312,0.158399336,0.061041612,0.084009321,0.17493975,0.108534979,0.249159259
0.047431059,0.154392802,0.17390837,0.085321867,0.126119591,0.199246753,0.076601138,0.064415304,0.057027288,0.106023838,0.190164792,0.06022257,0.066350583,0.162969503,0.15528053,0.098019122,0.066617203,0.103980659,0.081815564,0.238524182,0.140558178,0.109869517,0.028322291,0.284377867,0.175814671,0.090515647,0.047028282,0.076526442,0.0967113,0.132136605,0.140490633,0.697854909,0.05658628,0.282773644,0.802833346,0.068024334,0.201917826,0.16393754,0.13032246,0.094594641,0.637371166,0.822048922,0.041165855,0.131420567,0.166707655,0.225228275,0.076465118,0.093210217,0.333725486,0.653128675,1.006768281,0.143058024,0.754846507,0.054481347,0.246313607,0.051757278,0.052397956,0.019584819,0.038987987,0.162530117,0.057183148,0.347128867,0.139207935,0.07839239,0.083805018,0.175245855,0.03628535,0.128643957,0.017111778,0.18572525,0.11950616,0.044446929,0.108122788,0.033305288,0.24220106,0.221362046,0.042558746,0.146026813,0.049224569,0.196719282,0.067098103,0.04032887,0.17964974,0.090354374,0.093292754,0.100869776,0.058432966,0.06943884,0.140795516,0.07426615,0.108060696,0.037250613,0.061914205,0.089534294,0.08197927,0.133170964,0.022207443,0.095786603,0.204030504,0.067850238,0.085593974,0.131696447,0.123584691,0.043835725,0.034495617,0.076378564,0.120192887,0.058808837,0.179213539,0.211819404,0.030609322,0.062276818,0.155236387,0.144949599,0.034161592,0.097413824,0.13313839,0.05833806,0.073536695,0.069960393,0.045716033,0.09982483,0.217276684,0.017702741,0.094073019,0.235906247,0.191628972,0.035004685,0.105606254,0.267341885,0.149443249,0.06307972,0.060883835,0.029650471,0.024238073,0.177319062,0.172320411,0.149690866,0.120614674,0.088358933,0.214685698,0.031833568,0.02767366,0.080446862,0.067266125,0.16910863,0.106911869,0.181468672,0.12287211,0.035716318,0.098391346,0.165377137,0.219228446,0.051986662,0.053134127,0.107912634,0.05154695,0.219176391,0.065132063,0.088920403,0.148126919,0.232960124,0.064021992,0.105328587,0.047806739,0.18088199,0.306746757,0.171577921,0.017732641,0.248140142,0.234331063,0.091769362,0.090011266,0.21221081,0.090966405,0.053090436,0.066228691,0.254827369,0.10200201,0.2591557
0.043893713,0.093407838,0.162099332,0.045863291,0.099222957,0.128074515,0.077103901,0.055335059,0.085852425,0.132270244,0.13619502,0.057756871,0.081552762,0.23713389,0.061446612,0.165939055,0.066453206,0.112060872,0.122193287,0.216146111,0.199058445,0.04387049,0.071857161,0.268946346,0.184980876,0.080377449,0.055372435,0.071135253,0.14882192,0.105491975,0.154783271,0.698911578,0.078646608,0.193962324,0.868458994,0.134785743,0.284307909,0.164289913,0.077327737,0.109519717,0.596034237,0.805310651,0.119418154,0.118272015,0.260083546,0.222042312,0.123171111,0.094342689,0.25495333,0.716115806,0.902221461,0.179673054,0.835417423,0.031229718,0.166883501,0.096030689,0.103863959,0.030319633,0.039768617,0.181506977,0.05015696,0.178498451,0.172344335,0.10187483,0.118866496,0.213215496,0.038764793,0.148949658,0.029864108,0.22100234,0.137215741,0.048536221,0.102375967,0.034636774,0.144470525,0.110339109,0.043944742,0.122496824,0.038521271,0.205352652,0.177268047,0.034913285,0.267919477,0.096288634,0.101348207,0.072451019,0.022863589,0.064623777,0.167684211,0.185192967,0.022800683,0.028681655,0.062767337,0.12081859,0.071218459,0.210884749,0.015135756,0.058805778,0.150447023,0.067063477,0.076530265,0.174986013,0.147363191,0.037986398,0.051373058,0.107713574,0.125115469,0.064942329,0.157557213,0.122625935,0.032405831,0.101079055,0.178517738,0.123093853,0.021732708,0.067084161,0.140871084,0.072147941,0.095537907,0.147326663,0.054251884,0.108140511,0.192559183,0.050325743,0.076368638,0.213087369,0.099327543,0.117396559,0.116978638,0.181710651,0.101255176,0.061983438,0.159331287,0.02965078,0.043024548,0.234366302,0.130921956,0.146272753,0.112271239,0.080015909,0.15193407,0.011921029,0.048612227,0.050850708,0.153499851,0.168210086,0.182363199,0.179492693,0.161269844,0.042237561,0.119822909,0.160866271,0.202542898,0.044527163,0.052913598,0.08510025,0.087889972,0.220752427,0.113250895,0.107195799,0.100821823,0.272531443,0.09966462,0.075216179,0.075860508,0.18780952,0.22428793,0.130184228,0.007272894,0.19277352,0.307684163,0.103522534,0.053178929,0.212737191,0.048661527,0.062767392,0.093454483,0.245082492,0.078340899,0.249596814
0.013854612,0.077034663,0.136575513,0.05335929,0.08951624,0.073651143,0.094660096,0.060887134,0.111815406,0.183421105,0.093119183,0.139579667,0.059703224,0.239888373,0.063929264,0.165845839,0.019041874,0.12991049,0.076197176,0.165224138,0.212538468,0.075153517,0.085024133,0.199634411,0.132064863,0.113194808,0.055850231,0.076028086,0.136389275,0.03633224,0.150053804,0.673016749,0.061193757,0.213033685,0.849843488,0.133495559,0.240605521,0.224107655,0.10388957,0.143408341,0.620768904,0.768030679,0.096692392,0.119620466,0.192051392,0.230657569,0.122343675,0.09381187,0.257840096,0.774213072,1.020527555,0.175390677,0.85045631,0.030195492,0.105538208,0.070179811,0.085720869,0.039462673,0.066367803,0.077332257,0.037572277,0.159058349,0.201893069,0.113638234,0.111699602,0.295889356,0.044219823,0.128063653,0.041553917,0.17719171,0.130690023,0.03108913,0.052176778,0.036495043,0.036649044,0.092926992,0.035232096,0.148001537,0.042652542,0.195946092,0.194962268,0.033046742,0.116379771,0.087762473,0.135301345,0.050612032,0.067131044,0.141949045,0.149054545,0.159507502,0.127463328,0.050417552,0.064524367,0.163222849,0.062317345,0.220922391,0.014653677,0.148790194,0.147240752,0.041775077,0.057289197,0.111498084,0.132015291,0.034864784,0.076317207,0.226047428,0.070843588,0.024160451,0.214326768,0.026058044,0.039908652,0.089575338,0.170628186,0.115916974,0.049454049,0.045028051,0.030210133,0.091576128,0.087517169,0.123767572,0.048606158,0.08772327,0.105019034,0.031748046,0.077819906,0.193442663,0.066127477,0.132456879,0.141059396,0.258486428,0.111538341,0.051223805,0.13414878,0.021493644,0.023157005,0.205081092,0.221517989,0.113970649,0.113285348,0.096414454,0.207561018,0.012268132,0.04577806,0.107763318,0.18534179,0.126345659,0.137412396,0.153080079,0.225599479,0.047073551,0.08359552,0.115302607,0.241751846,0.123228299,0.064783337,0.124199231,0.071318113,0.241910055,0.136680745,0.08375115,0.135977558,0.127881882,0.129323268,0.06690701,0.059785349,0.233007706,0.18360053,0.130616384,0.028445685,0.083333429,0.266215824,0.086324273,0.053603428,0.173260962,0.087771197,0.061725339,0.147756738,0.226559141,0.081188821,0.159710029
0.021590298,0.086449265,0.196007947,0.053095694,0.191459202,0.095314855,0.047057216,0.053735383,0.087362548,0.1536501,0.101826562,0.146252124,0.038411278,0.16844524,0.116719443,0.093819908,0.045053176,0.129098331,0.065485577,0.210460121,0.119783179,0.18181629,0.042011631,0.172606464,0.240857988,0.139525467,0.042190408,0.049166517,0.098791097,0.036108187,0.190951374,0.725538331,0.069765211,0.229586604,0.785349139,0.092289868,0.315811631,0.27224812,0.086188935,0.048652892,0.725589845,0.670741503,0.086330879,0.173094605,0.220457616,0.205042073,0.118091697,0.147607766,0.237470345,0.856330993,1.144609605,0.197539301,0.866363832,0.050375572,0.158716071,0.057901925,0.081341645,0.027495784,0.027286029,0.067730205,0.015379067,0.21362489,0.112544256,0.076542297,0.08669782,0.211913669,0.065310256,0.112465784,0.038833775,0.153578647,0.128680215,0.009909075,0.075214676,0.019409581,0.123534186,0.047869945,0.024286763,0.218467985,0.042250381,0.190960014,0.083999279,0.018167924,0.153918652,0.044255932,0.138735362,0.059792403,0.083201313,0.115962132,0.042040715,0.115997684,0.114802048,0.100192507,0.018102744,0.173202997,0.05865345,0.174429893,0.032795642,0.106884013,0.246297082,0.053211872,0.131697179,0.138753849,0.044382508,0.046150518,0.100766115,0.17880506,0.059925193,0.042879345,0.253140542,0.145407574,0.045363141,0.053206014,0.138160523,0.163327868,0.039313856,0.051224137,0.046094471,0.076273211,0.116078556,0.26621531,0.066352695,0.101341512,0.133153407,0.037251855,0.096232508,0.084986987,0.098175454,0.079807113,0.102706557,0.230312315,0.091052479,0.125005022,0.091585003,0.018879019,0.023184384,0.245361726,0.167549426,0.122965004,0.281818209,0.075101419,0.234400804,0.027773112,0.042128722,0.108283434,0.163358567,0.090559454,0.068179876,0.184115319,0.278842616,0.056158079,0.086243164,0.196789148,0.171260501,0.088042699,0.062391768,0.117480308,0.047984216,0.213772462,0.08107032,0.069227684,0.110377863,0.176224465,0.082175584,0.087358836,0.028102321,0.270717846,0.222641333,0.08986854,0.054890372,0.087746202,0.211372219,0.082517634,0.091686915,0.198347991,0.067017461,0.041379484,0.041829728,0.165965406,0.087017381,0.166097691
0.036223473,0.072960453,0.182622979,0.03881044,0.182997081,0.126876373,0.024460247,0.045096266,0.016951655,0.067774731,0.068667908,0.153094112,0.062496178,0.132533095,0.104746626,0.102993138,0.065071074,0.081624029,0.106473224,0.204319859,0.176215255,0.204873827,0.036634738,0.129704603,0.181772606,0.193107442,0.033485743,0.186626122,0.084042301,0.077371375,0.201074978,0.701502503,0.071198898,0.254799227,0.768516152,0.039436834,0.239983231,0.303587659,0.061749316,0.064043201,0.866980368,0.670976963,0.068963461,0.152219242,0.234857982,0.274219546,0.146682447,0.187210274,0.265575673,0.920166136,1.244757829,0.263904046,0.807157228,0.026061531,0.231092828,0.107066263,0.089171866,0.021052108,0.043527541,0.126757336,0.020114669,0.296353604,0.178158089,0.089230532,0.089430125,0.266348273,0.043845517,0.092051654,0.009839076,0.139087795,0.11932919,0.08668776,0.118632156,0.0355049,0.211417946,0.151511768,0.024133513,0.186834937,0.010269914,0.061145821,0.083265942,0.034291706,0.106447317,0.049557977,0.129013966,0.048409933,0.074655819,0.087451015,0.06291602,0.11568103,0.051678035,0.08313714,0.030964141,0.122992579,0.103099038,0.083807391,0.004660398,0.129221061,0.244403401,0.069934587,0.137885189,0.172781191,0.030457034,0.05434007,0.098009387,0.070827981,0.079959487,0.059563053,0.186283307,0.174177915,0.053570838,0.050178671,0.155327154,0.15424125,0.034564216,0.054910659,0.027251667,0.062063745,0.137699209,0.169979925,0.069141177,0.083749881,0.146242891,0.017699563,0.083219118,0.109028193,0.053196126,0.079057405,0.072321135,0.250982545,0.064306045,0.123665624,0.079285956,0.028057227,0.027280613,0.24542294,0.102918744,0.102814554,0.289390534,0.041838783,0.283667779,0.054139643,0.034019633,0.130649502,0.263454666,0.047495221,0.032842832,0.248919593,0.193072829,0.033506551,0.085632857,0.08463955,0.175150048,0.072204331,0.02851435,0.089299387,0.040581964,0.243257951,0.054974986,0.057287693,0.072472969,0.171978562,0.164752292,0.110307705,0.030126834,0.160110695,0.244797939,0.089655199,0.055669858,0.085668279,0.194858221,0.050718593,0.151895668,0.286623106,0.113517976,0.048287583,0.061395922,0.167757725,0.057684682,0.144326893
0.037678499,0.066709365,0.063488259,0.045327117,0.080086025,0.066048375,0.090068111,0.071781484,0.039534663,0.059527912,0.094625297,0.143513561,0.127692604,0.066534285,0.088169444,0.141256143,0.091870011,0.057645097,0.03997099,0.124821563,0.265056366,0.140989354,0.03623335,0.110258405,0.134673864,0.088110316,0.037529737,0.222127,0.04921665,0.080614243,0.134905475,0.813316823,0.083845262,0.230656617,0.642668449,0.049023887,0.164775819,0.288279104,0.020073764,0.051303918,0.828848476,0.630532167,0.02809633,0.127268811,0.226430241,0.146403504,0.148246178,0.22509099,0.222346515,0.872247418,1.364250909,0.193444793,0.765876596,0.069897359,0.206298643,0.16553035,0.063777681,0.014365586,0.045098565,0.122508346,0.050996562,0.307338786,0.169230432,0.090382547,0.078850898,0.270806224,0.043554162,0.110072704,0.041935839,0.136666834,0.107795603,0.03197152,0.089709799,0.050304522,0.2778638,0.115484544,0.019155437,0.136112402,0.025768503,0.170686533,0.101530466,0.042979219,0.179420471,0.118029945,0.177033238,0.036997674,0.041894552,0.13454836,0.114722408,0.146573819,0.164057022,0.041650972,0.024908854,0.138184818,0.114195826,0.180072144,0.019610388,0.104450045,0.134642527,0.061101364,0.080412409,0.183817385,0.116784828,0.11161932,0.12692291,0.22297321,0.046968943,0.061305428,0.174006375,0.069779911,0.062247571,0.067594506,0.072022147,0.12535234,0.009348326,0.0814326,0.042915734,0.05152279,0.105251271,0.112561055,0.058395257,0.132335456,0.227391055,0.013024184,0.091094133,0.118319642,0.107527138,0.052347347,0.100877905,0.295049349,0.058884183,0.095880859,0.056996436,0.033226553,0.007452133,0.247682621,0.169712906,0.153628421,0.196371932,0.090481092,0.250209102,0.030516902,0.060465667,0.189754715,0.271653598,0.050999331,0.051220591,0.284235992,0.147662294,0.044793673,0.049648596,0.169005549,0.234455708,0.078630618,0.026057835,0.151795882,0.027228929,0.227362104,0.053490613,0.049700037,0.140939383,0.211818205,0.152425535,0.05537097,0.026428377,0.17747365,0.267433469,0.170009608,0.039166863,0.079182741,0.168991788,0.074306941,0.156562883,0.227360223,0.023058075,0.040367123,0.041781704,0.118426857,0.090736013,0.098302402
0.035179095,0.073414265,0.040154635,0.044339983,0.103004334,0.132239267,0.083029205,0.023817421,0.056148087,0.057324182,0.139075809,0.096196303,0.127325814,0.130855029,0.123635305,0.106206961,0.068027756,0.050866647,0.048652202,0.097578535,0.201379454,0.176249315,0.022497154,0.193621079,0.16458825,0.134291938,0.062733987,0.134853048,0.055338261,0.067453876,0.093674879,0.831915381,0.083638923,0.252624426,0.568537127,0.058929597,0.166582023,0.205212525,0.031322205,0.03925054,0.781562971,0.686188612,0.031344286,0.182542284,0.164918557,0.179077573,0.040138153,0.186283587,0.13642916,0.830102193,1.214878356,0.159655302,0.718076613,0.069170957,0.121333334,0.226414373,0.073764106,0.0276471,0.061864456,0.104355149,0.051030352,0.163938079,0.229195954,0.089038948,0.128624572,0.199545892,0.026744486,0.14486592,0.065286159,0.128429887,0.093121461,0.028703731,0.060467822,0.048879846,0.223244181,0.23273515,0.029672573,0.095322811,0.032399528,0.209773429,0.114314188,0.020182429,0.149529129,0.159461452,0.269630729,0.033336464,0.015805188,0.163418785,0.054241504,0.125306483,0.130475949,0.093008241,0.030038058,0.091392739,0.051786908,0.1628834,0.039355755,0.038428316,0.142410161,0.060967875,0.17562496,0.198792225,0.087895348,0.041155403,0.108978437,0.219930594,0.022249715,0.061523655,0.203343329,0.102921265,0.04786012,0.058563811,0.05558516,0.077072589,0.06595393,0.067243069,0.055192224,0.014589076,0.073324073,0.120039335,0.02203953,0.281007329,0.236914235,0.009192047,0.05923128,0.121196151,0.119799768,0.114631076,0.106361158,0.101287509,0.032765105,0.034746339,0.051978118,0.055259191,0.015836304,0.261387033,0.177881371,0.159202373,0.128720841,0.133215612,0.249215288,0.019917521,0.036373342,0.14976686,0.180440959,0.103468811,0.061213816,0.277567893,0.134645238,0.037724339,0.067923233,0.213961208,0.180200271,0.064531941,0.023620217,0.14319729,0.029171463,0.220470373,0.086841706,0.093563186,0.098977921,0.275024208,0.152384739,0.043407416,0.019985852,0.166087661,0.252395848,0.13555347,0.066978145,0.060692947,0.114140097,0.055593345,0.109459798,0.293721392,0.085433219,0.02308677,0.056652411,0.135198679,0.046376223,0.174644837
0.06917165,0.085388435,0.102706443,0.076710063,0.101877173,0.022647196,0.077542761,0.050408094,0.070173523,0.05613855,0.182647915,0.080766336,0.135476704,0.20305663,0.119005558,0.073689561,0.040712298,0.059512075,0.026461437,0.147417219,0.10209646,0.169252346,0.023157283,0.203468636,0.193843998,0.178019649,0.053152751,0.158796572,0.082685844,0.07167637,0.132490009,0.818463737,0.040523556,0.287531577,0.604279905,0.04266828,0.234769118,0.151716952,0.101962545,0.090850258,0.749706062,0.714130612,0.023982768,0.246171619,0.242312532,0.209107785,0.106008882,0.090519224,0.284810677,0.72153432,1.103373745,0.128079339,0.685318934,0.024432678,0.164962807,0.14906011,0.04594541,0.040339321,0.012661417,0.172779102,0.047743489,0.212974858,0.206227688,0.076936296,0.074394786,0.220743428,0.032464734,0.102643816,0.055045059,0.07631916,0.105781289,0.027100801,0.071513669,0.044046554,0.061238547,0.302844957,0.029473828,0.081406895,0.022092241,0.204290678,0.116292941,0.029425916,0.186133814,0.113039541,0.173009637,0.034911815,0.038982356,0.116574414,0.19669254,0.119864188,0.100988545,0.05533278,0.023099178,0.022942482,0.030264484,0.155453306,0.027260991,0.021491383,0.194000833,0.052235359,0.230020473,0.134358015,0.056689942,0.042412869,0.068460603,0.162746265,0.030912791,0.059105816,0.104902384,0.141762063,0.080167808,0.140230508,0.120903369,0.147593455,0.069233891,0.041473258,0.059377613,0.05473474,0.088528654,0.171013323,0.022030105,0.221273703,0.157905073,0.031114927,0.075147301,0.220058859,0.241443747,0.161564046,0.11865542,0.120922598,0.053436189,0.050279473,0.078655386,0.049258172,0.031898935,0.094056075,0.194259104,0.145123019,0.061558157,0.103735277,0.293034305,0.020398342,0.063780723,0.032665673,0.130676408,0.072230311,0.028619765,0.233876945,0.071161942,0.045136084,0.058002992,0.324869213,0.204436194,0.045626706,0.021623123,0.117178617,0.063935736,0.183134032,0.098419118,0.150511551,0.011053692,0.202541441,0.119643571,0.04018549,0.020766151,0.185412444,0.169787519,0.247033849,0.057479373,0.069578806,0.31736259,0.063281008,0.116891447,0.27221733,0.123144593,0.048595779,0.196381129,0.129479931,0.075598723,0.144348519
0.063495755,0.107746103,0.122162608,0.068017433,0.128418682,0.071762358,0.081366172,0.051136345,0.04984329,0.045700626,0.169305046,0.092552554,0.141255674,0.28491831,0.102060963,0.099335825,0.03105889,0.063157558,0.034235401,0.178360801,0.117187251,0.101882376,0.027551221,0.086611954,0.142425059,0.092569864,0.031077937,0.161578865,0.047303096,0.079472193,0.017150916,0.746294163,0.029209171,0.287526227,0.703556475,0.076696072,0.322412813,0.210732102,0.170827108,0.077600594,0.622289624,0.727328337,0.013999856,0.173687165,0.230031754,0.21641912,0.126315474,0.157444984,0.295302794,0.614227306,1.037320968,0.159965073,0.715399525,0.058628009,0.231151814,0.106585086,0.025415603,0.034504239,0.044090565,0.244305851,0.028751442,0.149003041,0.156464208,0.056126998,0.070624307,0.248760784,0.03559173,0.104106666,0.072571777,0.136321453,0.088448971,0.031134241,0.068442877,0.050687226,0.202904597,0.190652006,0.038258465,0.16983369,0.008538777,0.206434409,0.074028445,0.040551751,0.155810322,0.12712204,0.255994543,0.088012705,0.050066975,0.083344206,0.193200984,0.079090875,0.102528391,0.0319231,0.089639461,0.102150061,0.063462825,0.188710435,0.017309077,0.036079189,0.072834217,0.016336578,0.101936465,0.228584706,0.022586073,0.02904732,0.059623574,0.120279712,0.11102988,0.089533599,0.166562178,0.12046359,0.135911761,0.102899934,0.137233202,0.212898949,0.041503899,0.02532204,0.039471579,0.066677948,0.094336849,0.263787258,0.068647473,0.180462221,0.145585917,0.037435334,0.078230736,0.128785123,0.243893468,0.140626493,0.140521547,0.166043251,0.097327226,0.022460527,0.070135843,0.04718985,0.035692599,0.126033509,0.135797395,0.21341112,0.136139913,0.092501521,0.11212721,0.02186811,0.059189326,0.145141754,0.212771775,0.071280247,0.038273007,0.264823398,0.094677484,0.074050645,0.114117766,0.230001126,0.27901116,0.054500277,0.038461282,0.075756066,0.148385043,0.202438415,0.094649197,0.116648822,0.069459209,0.226816096,0.081242107,0.060368914,0.026816656,0.135960769,0.167868253,0.066623303,0.089430362,0.102257695,0.237131355,0.071403234,0.112864762,0.205686842,0.113450582,0.053274127,0.131905027,0.098809595,0.082258982,0.13067384
0.054142247,0.139296324,0.268589835,0.064370548,0.122011349,0.111041595,0.048605684,0.028381178,0.048594709,0.068009317,0.089766905,0.071824493,0.086717377,0.206215518,0.086491932,0.073953983,0.025847912,0.077202433,0.103601763,0.170554518,0.111533523,0.144492138,0.033591646,0.086125896,0.116831274,0.123918466,0.034852525,0.138562517,0.066140371,0.068511609,0.110276937,0.684125952,0.017544083,0.293076262,0.776571208,0.085515851,0.257966159,0.248186636,0.174917646,0.084307056,0.633224861,0.740812903,0.025935566,0.201061944,0.294078181,0.23936261,0.113484879,0.13233378,0.259323783,0.597253676,0.994606129,0.132882837,0.776284559,0.072689546,0.231679036,0.104327376,0.038702867,0.02400222,0.033725903,0.149291562,0.034286991,0.230669546,0.138932958,0.049594677,0.086404612,0.240460982,0.026897352,0.148797464,0.078069003,0.230242244,0.105905993,0.045045457,0.112065968,0.031525257,0.232353222,0.085627479,0.034567081,0.173824477,0.077277745,0.18788824,0.155995451,0.044395129,0.152578209,0.136113382,0.229011478,0.116894346,0.056586053,0.07272155,0.165963914,0.082030016,0.067141056,0.041223613,0.014265806,0.089133009,0.073976687,0.152964735,0.052209642,0.094204569,0.099020655,0.01846851,0.073718472,0.249264821,0.083597794,0.022359386,0.072405283,0.052772991,0.128549994,0.085122331,0.235906127,0.115251621,0.110720971,0.040333059,0.14616239,0.192650726,0.049296806,0.021137099,0.062947411,0.037781018,0.123263453,0.225570102,0.074796329,0.232012259,0.166942143,0.04259429,0.073535291,0.182198864,0.153729205,0.142285506,0.179457752,0.133986444,0.106798531,0.050329659,0.04301975,0.038790181,0.032031114,0.2012442,0.073293431,0.181258766,0.183263708,0.082301809,0.143812636,0.081097264,0.022370294,0.171357431,0.197440735,0.061682118,0.022175096,0.172051633,0.09742218,0.042743428,0.123786343,0.235928203,0.268530353,0.067815598,0.042862141,0.109297278,0.16774709,0.206319933,0.047251296,0.115011629,0.114275261,0.126946383,0.070391622,0.046275179,0.036109616,0.21075141,0.185600309,0.132135983,0.070807996,0.141579509,0.201658897,0.054188907,0.154209822,0.204856645,0.071209235,0.052806336,0.079962749,0.111627348,0.074258981,0.228123318
0.03037529,0.147489127,0.209820401,0.040652668,0.074095758,0.162179442,0.097002731,0.022579577,0.038431996,0.051135101,0.074601029,0.080085449,0.162496229,0.155577829,0.078065633,0.091094922,0.028164105,0.055247363,0.079861985,0.20335187,0.100822739,0.196652072,0.030319039,0.096971997,0.214604311,0.111464397,0.042634365,0.269820212,0.04184379,0.081831054,0.225869026,0.602689192,0.04690742,0.266328137,0.872492094,0.046263693,0.193727588,0.30875624,0.095529295,0.063868237,0.66536276,0.765755746,0.032664071,0.191237486,0.267836215,0.301461446,0.132097944,0.091809223,0.196256996,0.690351341,0.986676305,0.256028945,0.844315653,0.037931899,0.173272342,0.060150342,0.054925812,0.011756718,0.049415728,0.101473562,0.018709596,0.224819586,0.143949683,0.04146467,0.042975302,0.302008818,0.03318726,0.165317507,0.057345828,0.231632988,0.108351876,0.059387589,0.1544098,0.002871125,0.213462293,0.149478426,0.014571346,0.140551355,0.048191245,0.170861627,0.16304302,0.030456485,0.143085478,0.071556162,0.202537716,0.079931468,0.039008172,0.094882346,0.104642151,0.126912429,0.115275187,0.049019947,0.021813849,0.113279613,0.046164724,0.127554829,0.081409292,0.040456071,0.024077543,0.048931547,0.052388909,0.093877593,0.102669893,0.016342797,0.065913902,0.112176071,0.116717154,0.020669866,0.185459247,0.170473548,0.035581507,0.032677575,0.121120834,0.288002792,0.044086084,0.0174089,0.057799289,0.038138396,0.14557626,0.167850767,0.050675828,0.211500746,0.178352289,0.060493235,0.07552719,0.062485341,0.112940499,0.176260257,0.166521584,0.248249179,0.056301897,0.062401219,0.034946044,0.013992756,0.025400356,0.09592113,0.119825369,0.10894068,0.164483202,0.083380614,0.203633345,0.050986891,0.036108843,0.122269193,0.14256225,0.040319571,0.035940897,0.149848364,0.053375337,0.03297817,0.08504951,0.208105698,0.263752887,0.092321529,0.044737978,0.07831453,0.096521435,0.246639411,0.028738776,0.100203589,0.141412578,0.131407515,0.081096367,0.060600012,0.037949738,0.267380402,0.185858754,0.106202298,0.046863161,0.108188266,0.206656764,0.062078509,0.1042639,0.22268537,0.084917041,0.050672053,0.135691058,0.234855283,0.086807396,0.156884755
0.035866608,0.089933136,0.131175759,0.03471356,0.057716116,0.196202568,0.101149837,0.016878392,0.060775603,0.104251112,0.076778365,0.068432836,0.128648757,0.120441957,0.076470596,0.08919434,0.035714943,0.103770455,0.057058788,0.242764695,0.172964912,0.163558618,0.068784763,0.087683097,0.181073446,0.105299465,0.022477881,0.178867972,0.056191895,0.089205915,0.163844379,0.641046557,0.063683897,0.174425982,0.876327467,0.042511579,0.087156088,0.235274877,0.098512854,0.040766033,0.687240912,0.721027644,0.015945294,0.152606971,0.241899789,0.207923737,0.156228228,0.109526605,0.267264517,0.747212004,0.991884252,0.205044677,0.883564338,0.028381975,0.24272423,0.075231014,0.039302326,0.017851137,0.024519072,0.05287527,0.010198889,0.1537537,0.054996402,0.06045728,0.152205589,0.170335057,0.038694751,0.11704765,0.033192661,0.230318745,0.084683922,0.041508746,0.098907916,0.053444912,0.146139812,0.23079214,0.025860818,0.099103224,0.109998199,0.028444381,0.129966225,0.012167416,0.082309968,0.077243186,0.126100253,0.049291032,0.041027075,0.058346624,0.130816615,0.125769753,0.102456082,0.020935673,0.086896622,0.076347374,0.049641207,0.105492196,0.077809504,0.040192313,0.092124767,0.027024196,0.09389716,0.076005915,0.098928354,0.065491845,0.12969683,0.243412133,0.15154415,0.058072642,0.116925408,0.234560459,0.019445588,0.076376806,0.165682734,0.233636447,0.056601984,0.02543223,0.012679896,0.042442344,0.123173805,0.126720305,0.040909904,0.169984192,0.105296857,0.046139796,0.099488354,0.109153286,0.111101867,0.10248836,0.12507934,0.242130407,0.048827355,0.077655536,0.061517057,0.012286931,0.016967555,0.111689251,0.199934257,0.090444104,0.124997707,0.082944416,0.25998336,0.026996301,0.043202361,0.103398279,0.202020448,0.162013956,0.03847458,0.109802388,0.0536355,0.044089356,0.14902105,0.209377499,0.222929858,0.062779157,0.043701636,0.049525,0.08244719,0.281539183,0.04383379,0.086631634,0.141090445,0.128938424,0.08622881,0.070561253,0.045619599,0.293616738,0.138116134,0.104831601,0.080611482,0.139741655,0.245304008,0.078807322,0.041958236,0.172256577,0.047719241,0.038882437,0.132491337,0.206609466,0.195574408,0.129237086
0.060021105,0.075931788,0.093274285,0.018293638,0.068738808,0.217708163,0.060599964,0.035294833,0.07802316,0.098556133,0.11816809,0.129492058,0.089777102,0.086537085,0.083425539,0.044453809,0.050070543,0.051843228,0.078720197,0.207079983,0.20437234,0.110521516,0.070214301,0.070561964,0.081893362,0.125954868,0.0363458,0.146527323,0.065371144,0.163641627,0.177180248,0.672713755,0.035254951,0.197308979,0.780495039,0.065464011,0.182309911,0.178260919,0.105556569,0.071642187,0.723328206,0.663873052,0.036565831,0.166005492,0.283223838,0.219982779,0.135248482,0.093096273,0.236287147,0.816681246,1.172764763,0.225951251,0.868830421,0.025330234,0.206869802,0.057990366,0.0228415,0.026412445,0.036112766,0.069191757,0.023556489,0.198276535,0.097489949,0.084874923,0.190087196,0.122886028,0.027412762,0.094142711,0.02933717,0.1901152,0.093076985,0.04406492,0.098312006,0.041697119,0.063948733,0.294310181,0.014361682,0.065019324,0.049014061,0.12657967,0.134933816,0.02543887,0.215709361,0.129886365,0.175375297,0.043837865,0.051139681,0.109725871,0.136059527,0.17452132,0.078262832,0.055025765,0.065622895,0.091905246,0.125439584,0.064152439,0.037405846,0.083606957,0.233246231,0.022264066,0.088651007,0.21271284,0.133553587,0.069477388,0.069616228,0.240654267,0.116198014,0.085475542,0.137295184,0.205152034,0.10281051,0.068752353,0.170897462,0.206900484,0.048725468,0.018848956,0.084585053,0.073856056,0.075992464,0.09569315,0.05279615,0.189396549,0.155297503,0.091003358,0.104885705,0.094960153,0.120506845,0.052636066,0.131595845,0.183697863,0.027032471,0.097092949,0.020752612,0.0155448,0.040799975,0.138356609,0.140185432,0.033430338,0.183270529,0.121005515,0.163139676,0.021920392,0.035162409,0.046698753,0.101923933,0.215936189,0.021401087,0.158527621,0.080075037,0.050814892,0.160880563,0.223961761,0.276875433,0.034935443,0.019133785,0.063030705,0.076678275,0.205441946,0.030680585,0.098172884,0.185086648,0.113450733,0.081528432,0.052773498,0.041235145,0.232762179,0.115321502,0.040145718,0.066199609,0.12308543,0.209378142,0.07349316,0.041764952,0.184247199,0.065610917,0.027700049,0.105961266,0.042063311,0.17646908,0.171371455
0.057381971,0.082054202,0.09961105,0.024304314,0.066187277,0.216904058,0.062976237,0.046068411,0.028812136,0.060031459,0.13654476,0.102504703,0.080005707,0.234999206,0.095807584,0.068767081,0.045767124,0.17055081,0.107567728,0.184220336,0.196364269,0.071833327,0.03973123,0.114800014,0.055774979,0.163269169,0.031625147,0.149868593,0.053545984,0.172694193,0.081232242,0.676446153,0.149556319,0.212358013,0.704392042,0.036800794,0.265408371,0.240397442,0.067831435,0.131788979,0.895408678,0.650475059,0.038747257,0.082820541,0.266670981,0.199818852,0.149748322,0.056283143,0.234515475,0.854904957,1.293605746,0.302676217,0.796078173,0.029105922,0.087508353,0.106411841,0.037618602,0.075821766,0.034776576,0.106369787,0.024607788,0.20506663,0.120069027,0.076266518,0.18091611,0.204524895,0.010543114,0.087700611,0.02397717,0.162866641,0.155517944,0.058915125,0.096819173,0.021254636,0.05854147,0.26554366,0.020951347,0.08730177,0.059674011,0.227582483,0.125117421,0.036806705,0.164386685,0.172039953,0.149514621,0.02698402,0.046783958,0.11348364,0.123069785,0.184938217,0.102199705,0.029972038,0.072748384,0.049245559,0.151429924,0.030891183,0.023229937,0.121486556,0.179192748,0.045944576,0.094829372,0.168332236,0.046689665,0.026748896,0.065128848,0.271115008,0.111248168,0.055498698,0.154795931,0.150290673,0.061118371,0.063336264,0.132238181,0.209777853,0.035736345,0.024796482,0.030099577,0.049997077,0.090617183,0.086128434,0.060187395,0.210467461,0.1601324,0.06155003,0.072891736,0.074540419,0.165782586,0.028426077,0.138331726,0.199983536,0.047568717,0.065438882,0.03941024,0.01408327,0.032763933,0.153847321,0.109851306,0.023453,0.267236117,0.138664115,0.173289844,0.017708721,0.045029075,0.058177831,0.073716437,0.080698651,0.056274589,0.163448085,0.076914666,0.025867879,0.152828524,0.232866326,0.268431361,0.024245186,0.013714469,0.088788831,0.064361372,0.214664149,0.038837855,0.087049169,0.078139029,0.143405429,0.069940999,0.027446497,0.090296291,0.152933434,0.074701543,0.047294045,0.025258001,0.08270447,0.183055932,0.040999548,0.032777479,0.141593726,0.124551096,0.0187281,0.045898134,0.061585632,0.058397751,0.108063659
0.037242145,0.057085091,0.173295663,0.12479604,0.09702763,0.147670053,0.13401009,0.036972493,0.123712994,0.042123252,0.11114897,0.089858258,0.069421507,0.156256082,0.09121464,0.068990342,0.041400936,0.189809199,0.097400171,0.10086801,0.209816357,0.071366423,0.036214969,0.060773839,0.059694115,0.163495472,0.063967106,0.051022697,0.058787761,0.124712941,0.084224472,0.734333827,0.09130074,0.187828177,0.590187964,0.030525205,0.218904321,0.305851379,0.050376394,0.103268268,0.801805363,0.694066623,0.071891784,0.110402932,0.267541794,0.218078626,0.100179004,0.050351096,0.203639021,0.864212171,1.425742023,0.236967016,0.705595634,0.025989343,0.047428533,0.098286463,0.115967605,0.055029965,0.057009173,0.131168762,0.039901659,0.266314914,0.134935984,0.032440483,0.112299339,0.308519585,0.024697109,0.129728375,0.030064966,0.160435252,0.166749008,0.047856164,0.101985884,0.049143845,0.057214613,0.233618298,0.051136695,0.10953531,0.043076044,0.209834427,0.103611524,0.031835254,0.12426801,0.177293714,0.16978411,0.040226102,0.061384548,0.100838628,0.084217237,0.164558248,0.114630127,0.009983503,0.044712063,0.030184074,0.107251025,0.02407671,0.040960333,0.082628494,0.162922832,0.022717636,0.142513596,0.148389086,0.126691923,0.035045075,0.082070713,0.180979415,0.106418249,0.045897067,0.157325161,0.126178142,0.075733598,0.056835378,0.181990092,0.120133119,0.050825075,0.038394386,0.108069401,0.032340367,0.057407768,0.154646088,0.041027948,0.283420608,0.126910059,0.029677682,0.098889964,0.150715804,0.124497002,0.023546619,0.071251884,0.281517063,0.074969705,0.043155557,0.038585352,0.026120229,0.039667562,0.1383505,0.195574191,0.07299209,0.244497171,0.073958454,0.190690818,0.007908591,0.0416082,0.079423005,0.117388902,0.112327392,0.028697242,0.136958728,0.088071618,0.056129919,0.159694767,0.159709722,0.16175258,0.026413293,0.021458588,0.105173364,0.081797644,0.188071589,0.082226422,0.058259971,0.148045304,0.182907662,0.052690494,0.01924588,0.074522948,0.152908453,0.120809767,0.067428344,0.078888553,0.056956433,0.200986888,0.024007316,0.034228393,0.214175701,0.128798469,0.037185053,0.060374549,0.137696101,0.042682796,0.137183034
0.030899372,0.038914626,0.174005524,0.114737784,0.088161141,0.199160171,0.124387515,0.064854477,0.093785877,0.070280007,0.065761757,0.100605896,0.081612029,0.119830306,0.064068629,0.089293867,0.08722211,0.089241616,0.084360649,0.085389194,0.210028545,0.057341176,0.020026954,0.080716475,0.151127596,0.130386185,0.012305829,0.106675348,0.034744971,0.15765921,0.153295451,0.762459649,0.048148787,0.183752458,0.582618194,0.036939865,0.183189837,0.313766573,0.047290466,0.057069902,0.683838612,0.699453249,0.046184956,0.166832155,0.286749591,0.26238495,0.057234074,0.058145817,0.170186722,0.779940704,1.168928351,0.267877407,0.64748966,0.009692054,0.16083096,0.016936353,0.112512513,0.033197246,0.059580851,0.111451425,0.029048555,0.264659564,0.13899094,0.037463905,0.093668492,0.258785189,0.036892517,0.171732343,0.017786477,0.14063692,0.165479582,0.029174499,0.111798036,0.045010347,0.143498352,0.204864553,0.030801821,0.127031223,0.035386359,0.120977808,0.111331626,0.023747432,0.16443491,0.158322533,0.242871706,0.036180905,0.040662186,0.148345204,0.083333515,0.119493434,0.050644676,0.033430354,0.092295105,0.100409222,0.09170678,0.12324962,0.063427658,0.060877505,0.120128026,0.062984719,0.102465384,0.15992682,0.172832892,0.053234795,0.099036858,0.178713738,0.206407967,0.032417761,0.12278018,0.142282387,0.061636044,0.069590733,0.112616833,0.095336394,0.062002841,0.0769355,0.140575656,0.025289866,0.036227617,0.11900427,0.038403421,0.180121685,0.078023749,0.042103508,0.09249926,0.196512551,0.065814746,0.039086927,0.056260886,0.250321841,0.069059674,0.048330979,0.025810737,0.023896539,0.066484577,0.131441508,0.170623992,0.109485834,0.192568019,0.101880186,0.154616813,0.012017182,0.034273794,0.076873079,0.169336278,0.09253855,0.036561483,0.185573574,0.065768999,0.064097615,0.102443731,0.224946236,0.198244518,0.032841566,0.040953275,0.097514442,0.097707105,0.183306013,0.125818903,0.079535247,0.124490459,0.257178839,0.038526386,0.166513271,0.056863177,0.306393835,0.104699439,0.107405186,0.066017118,0.077993067,0.146189917,0.086090804,0.077094242,0.246819965,0.059385997,0.037825933,0.064024745,0.178619226,0.14158931,0.180509056
0.023057654,0.099643429,0.094656847,0.169858874,0.067620015,0.134801703,0.09448309,0.085663576,0.090102226,0.08258261,0.120116945,0.094342049,0.095783744,0.189636202,0.083215966,0.166294033,0.03680805,0.070278837,0.085533754,0.176818763,0.118361092,0.06161453,0.044287442,0.094798878,0.160480479,0.107826724,0.0585291,0.142206586,0.045889028,0.149589946,0.169792415,0.804782745,0.108776742,0.140778671,0.642424039,0.056893123,0.222160223,0.177894264,0.064670392,0.014086983,0.603866669,0.693860482,0.014207819,0.254906579,0.278753937,0.233909684,0.054227178,0.114008535,0.243245488,0.676764318,0.949920666,0.149861213,0.653537095,0.009956242,0.228663065,0.143154166,0.104545349,0.00630746,0.029016297,0.066079818,0.029247112,0.171713831,0.1416371,0.0495434,0.080156447,0.183773882,0.037040488,0.130122971,0.018356736,0.163687462,0.169496028,0.040795397,0.093386546,0.116858331,0.159410268,0.204567631,0.04293279,0.058565546,0.031443923,0.108234502,0.085184363,0.04536877,0.16582292,0.154301729,0.232208114,0.026539447,0.031874593,0.127901995,0.134071943,0.038340068,0.083206667,0.044901811,0.14243179,0.150479057,0.073798591,0.129731948,0.058115653,0.050725905,0.110925068,0.031664078,0.09818107,0.15042916,0.122380185,0.058842209,0.098807265,0.128204542,0.152657029,0.012502983,0.233944377,0.160539818,0.069959259,0.118328659,0.060309183,0.057446666,0.075030616,0.054014854,0.117990029,0.044986374,0.051343064,0.082858849,0.064916569,0.104758125,0.160233434,0.056048081,0.035144457,0.18129043,0.036423453,0.044972157,0.050160652,0.258751435,0.029308,0.010147798,0.03669363,0.013651404,0.041175526,0.100267478,0.166205356,0.076317625,0.195626427,0.097345742,0.175099282,0.028054884,0.013243123,0.053309815,0.169214003,0.058413512,0.016849465,0.168186896,0.050506668,0.033727869,0.100184567,0.14830758,0.310526815,0.017552173,0.050107077,0.065252992,0.085706327,0.077601154,0.099731155,0.129062574,0.094963923,0.226585401,0.065357857,0.192023411,0.021920708,0.157121945,0.067836013,0.057397316,0.031769988,0.067606363,0.106067513,0.089027653,0.107168398,0.20184191,0.104218489,0.044217003,0.065020272,0.263826472,0.107821386,0.197552351
0.011027113,0.074524686,0.15061083,0.07952343,0.063949045,0.258345233,0.048980551,0.10026268,0.103259632,0.067074045,0.132096774,0.1502051,0.026526403,0.232858872,0.095675742,0.159017241,0.009177323,0.054041295,0.054944668,0.174088606,0.213170577,0.07905523,0.01664494,0.239389594,0.119690092,0.13846234,0.027778467,0.150933212,0.039026054,0.053075451,0.12974028,0.801389975,0.098803966,0.15743526,0.717826477,0.066961227,0.187407376,0.301012902,0.065923024,0.051277172,0.6154737,0.806951754,0.003137193,0.224782854,0.2422445,0.177350057,0.056418036,0.095580092,0.251905803,0.644282399,0.873036042,0.140722196,0.730852465,0.021976656,0.243801464,0.245408682,0.064562141,0.008009153,0.014695298,0.097136703,0.028376069,0.165150599,0.114595504,0.047963622,0.08558458,0.203870395,0.058714559,0.138960068,0.01382589,0.174968463,0.141124403,0.045660114,0.087643404,0.066162935,0.180799769,0.261660911,0.073961151,0.083812911,0.031956791,0.106565551,0.102569715,0.028302243,0.175128005,0.093928667,0.189162895,0.111513664,0.047904197,0.09742585,0.024576278,0.018072155,0.110666523,0.028616428,0.043094467,0.294705669,0.15633428,0.185818063,0.035820922,0.025939457,0.152006271,0.034861662,0.086061032,0.184799983,0.07764166,0.011563884,0.064953756,0.11515508,0.08944147,0.015682729,0.150385843,0.074228818,0.054750055,0.111196158,0.127844372,0.101957786,0.06391444,0.027488012,0.127526964,0.014560849,0.034451852,0.078361668,0.014208453,0.254262434,0.232209953,0.037812725,0.082519242,0.22179509,0.072504746,0.049248359,0.066080767,0.238996824,0.061156989,0.031686831,0.154230436,0.025901937,0.029517211,0.07133863,0.152035618,0.111264283,0.180893194,0.055051629,0.214609207,0.071644225,0.017163201,0.055487927,0.129145695,0.059362182,0.017234786,0.147306917,0.095205268,0.039123178,0.073536156,0.215038928,0.217451081,0.025856566,0.041361806,0.059101056,0.13184279,0.154241085,0.054109631,0.125583013,0.078720523,0.183934509,0.076219964,0.130472389,0.033644984,0.220793651,0.131509092,0.11909894,0.013714499,0.086853333,0.091209262,0.076309852,0.065311878,0.069344402,0.127171736,0.05589697,0.049380526,0.229909482,0.070904561,0.235364795
0.032967592,0.106469993,0.138487281,0.091733782,0.049100798,0.232291448,0.04673346,0.044397662,0.051160242,0.13958344,0.06817756,0.157034778,0.051003068,0.2351861,0.050119064,0.169701679,0.026968365,0.119638503,0.074053114,0.148712256,0.237156993,0.076764607,0.02778106,0.150749224,0.11710591,0.099862678,0.030245384,0.142521793,0.034487682,0.191506698,0.224374104,0.683974812,0.073035981,0.143156002,0.815091156,0.057105044,0.09612777,0.201486407,0.141494848,0.063107613,0.63217588,0.804456634,0.025741627,0.139449563,0.311813092,0.018342108,0.064999235,0.070088875,0.293741193,0.656926732,0.871767022,0.254502574,0.793279612,0.017550171,0.25301519,0.250613187,0.059132616,0.023200351,0.012922486,0.119593706,0.017524488,0.260872064,0.096731318,0.062387608,0.086002727,0.300204058,0.045260331,0.134013585,0.014550659,0.175279323,0.165199826,0.045078348,0.109825278,0.026262536,0.118473674,0.252594988,0.042788281,0.09259274,0.058900196,0.190797899,0.141431447,0.040477422,0.147462386,0.100744974,0.264077585,0.080036574,0.03278151,0.100427982,0.104342371,0.019644866,0.07801459,0.021219816,0.047898521,0.252690254,0.125591158,0.188554306,0.019565537,0.044673776,0.095786959,0.049059254,0.082325046,0.147922487,0.096132987,0.03600511,0.150836212,0.144899777,0.074673662,0.026463813,0.180645517,0.11291223,0.070292494,0.106516366,0.163981611,0.147666528,0.040690024,0.027023003,0.089825364,0.008697538,0.126038105,0.102138573,0.019030018,0.233156184,0.139912387,0.028529199,0.071195414,0.206953855,0.073583763,0.118925587,0.120442271,0.183305719,0.058521272,0.038230036,0.263544216,0.023047651,0.023401809,0.108322715,0.112358557,0.164876299,0.163247503,0.051548288,0.22696429,0.063541115,0.019203518,0.116644287,0.131007569,0.083094862,0.045253624,0.201741617,0.164285242,0.023584203,0.107818146,0.270797091,0.133963563,0.027083619,0.035840827,0.088850948,0.089153033,0.218614343,0.061888557,0.066079028,0.132934212,0.16715447,0.078041972,0.125126336,0.027843504,0.19855548,0.123016951,0.109917708,0.024863335,0.051797567,0.231472574,0.036974594,0.074058883,0.098512969,0.096266227,0.049083198,0.055642609,0.162276155,0.096732414,0.281891854
0.019141557,0.083585111,0.04081475,0.160685495,0.059617419,0.24351052,0.04198915,0.036069142,0.098834775,0.138730572,0.078095789,0.0901413,0.040416071,0.185325222,0.083354924,0.105507665,0.047491673,0.185911689,0.051190968,0.1114172,0.292244716,0.066828811,0.032712284,0.063716175,0.055099746,0.072669608,0.053265872,0.104100266,0.054843117,0.199508095,0.231338122,0.653055992,0.072063099,0.181640599,0.890495792,0.02614271,0.138027506,0.137234317,0.195589072,0.041475393,0.656356178,0.717172634,0.071067284,0.173658391,0.244138889,0.055845717,0.065951838,0.098719939,0.244571011,0.688897233,0.976086117,0.262719963,0.861584286,0.04240809,0.25457777,0.189330307,0.04465375,0.006936988,0.047714396,0.1020354,0.014022604,0.188559791,0.095135923,0.047941845,0.080408026,0.317690807,0.013372814,0.117523151,0.013749848,0.166677198,0.091987695,0.041399638,0.111616019,0.033207361,0.145203098,0.25875477,0.023497625,0.106980121,0.064093901,0.175708675,0.105215769,0.037670173,0.211062692,0.123787637,0.254679838,0.067611752,0.04032446,0.10646863,0.198019109,0.094245165,0.026132565,0.008753749,0.04489614,0.204761249,0.036853473,0.20867737,0.026274603,0.083821479,0.11032629,0.035446812,0.061074756,0.119875256,0.120233049,0.059891829,0.104152683,0.167588577,0.090168527,0.02906737,0.165602538,0.08027251,0.050483123,0.05802212,0.155293085,0.167412584,0.046182045,0.022520164,0.12210987,0.017000388,0.061822878,0.175534516,0.054437721,0.146808928,0.133351557,0.056416615,0.022451363,0.159948281,0.021610029,0.078449355,0.122196867,0.130325755,0.068866469,0.030696689,0.169667561,0.025973443,0.021591587,0.095889547,0.132217698,0.119795531,0.157334638,0.07683563,0.228266401,0.033645898,0.032995801,0.052378074,0.179909986,0.079251583,0.07456782,0.268050762,0.103201172,0.019643999,0.100164837,0.268744613,0.189380527,0.017524452,0.033043946,0.084090366,0.072068452,0.234131528,0.044231169,0.108965395,0.097142679,0.176741825,0.066457312,0.097299488,0.026200146,0.242779958,0.15538873,0.097197155,0.033997013,0.071845661,0.254098981,0.012984799,0.103862725,0.15154988,0.037411663,0.069456828,0.053870369,0.265112635,0.08314451,0.293966829
0.029662384,0.185246701,0.052015659,0.148159391,0.081416535,0.219931214,0.041323359,0.036966301,0.07649046,0.096004765,0.070407021,0.033250109,0.085292821,0.136172062,0.084807723,0.06898743,0.094831188,0.13704932,0.098143941,0.099904052,0.215049703,0.103677926,0.025756324,0.119301896,0.049226152,0.052191247,0.07058473,0.108884941,0.087616151,0.10449809,0.154565178,0.640049679,0.036474385,0.179124811,0.812151869,0.022907709,0.137457769,0.200670157,0.143216111,0.040271141,0.778677098,0.723493844,0.088217585,0.143659681,0.343042982,0.128687935,0.087139202,0.124944519,0.199299146,0.804539009,1.233910785,0.229624261,0.819244929,0.052895923,0.232295751,0.119948794,0.060154639,0.01533465,0.032112788,0.144350948,0.029293885,0.237129613,0.095236701,0.120476305,0.090615329,0.272809453,0.035259188,0.148512986,0.021402457,0.161843747,0.076331611,0.041163017,0.065821328,0.014866077,0.143127834,0.265371734,0.032308265,0.076252715,0.033727931,0.064692031,0.136067325,0.04859219,0.194886839,0.137998259,0.235034156,0.073080854,0.043982819,0.082295105,0.192663735,0.189671397,0.07154986,0.007957738,0.032676538,0.185488395,0.113017312,0.191124161,0.060033509,0.101672608,0.090303618,0.020917915,0.052208366,0.069757569,0.063232635,0.070736724,0.077532663,0.13794297,0.069811801,0.011460153,0.11313541,0.160568474,0.129347933,0.071313554,0.18379146,0.17286392,0.049076745,0.035745917,0.262128481,0.068875622,0.024378407,0.185307456,0.074214795,0.129401021,0.130231553,0.042961212,0.035352478,0.073500268,0.063225528,0.053857483,0.074705804,0.065091055,0.063987955,0.061523927,0.060096315,0.031276203,0.025572397,0.121132797,0.180626228,0.054248356,0.23839919,0.051542023,0.202677426,0.055254721,0.042230547,0.049449535,0.193912667,0.034168388,0.05598765,0.229978287,0.055303833,0.016833099,0.085225451,0.238042838,0.249103177,0.019373555,0.021073856,0.078861099,0.148866615,0.227959259,0.040171112,0.158911501,0.069672153,0.227251303,0.030989301,0.069638542,0.025990969,0.236961247,0.204866525,0.08311488,0.029189715,0.077865311,0.198528382,0.103962855,0.096636922,0.126447048,0.085619278,0.046133348,0.060949572,0.158503477,0.089141075,0.20640273
0.027100316,0.11305651,0.030906983,0.090035212,0.071011713,0.190572882,0.067308276,0.029763019,0.018571521,0.028960061,0.078957171,0.085311527,0.094618483,0.161389529,0.069064412,0.095616253,0.087502987,0.136225216,0.066803097,0.130370197,0.135477387,0.210564485,0.046878455,0.189503297,0.11782434,0.05544504,0.023707684,0.164981657,0.076576798,0.040286369,0.245734739,0.698279165,0.069872504,0.120828322,0.774910956,0.03133673,0.197488249,0.191943054,0.123187297,0.081770799,0.793016084,0.666286841,0.088013425,0.123932607,0.333169763,0.169388922,0.063903698,0.12563136,0.223516427,0.861147392,1.441264158,0.144159501,0.861174863,0.0190329,0.174971815,0.158520062,0.09033613,0.029582805,0.034913215,0.132886313,0.027802735,0.308432234,0.13334432,0.141413087,0.103506558,0.267112529,0.052094576,0.131582395,0.04437783,0.098204727,0.043290501,0.033056321,0.080500566,0.035171607,0.264151519,0.220645701,0.020486817,0.084168843,0.032457493,0.207211052,0.115454447,0.037274107,0.104467724,0.136071757,0.152132318,0.08375041,0.034255528,0.093181226,0.201052837,0.160266223,0.015519249,0.026174725,0.050825927,0.240971522,0.129712681,0.144099126,0.055690777,0.102650135,0.081940478,0.039148634,0.07988071,0.058474824,0.081909019,0.087016408,0.088555142,0.158867797,0.058169844,0.047869116,0.133424246,0.124920399,0.102879944,0.045860505,0.12875312,0.152384489,0.034857749,0.06709213,0.217325081,0.076894229,0.027607727,0.100853792,0.046775328,0.123393053,0.174233912,0.032571666,0.024771691,0.033191904,0.162272218,0.029572673,0.060880756,0.175849566,0.075196632,0.081451453,0.095150127,0.024281988,0.021010514,0.07496456,0.191304863,0.02230261,0.247196025,0.134537248,0.158896274,0.092511188,0.03539158,0.035041904,0.138198885,0.045589943,0.04311996,0.263883398,0.062295857,0.036929942,0.094678041,0.140924832,0.23015669,0.029221412,0.075504972,0.05395664,0.098132561,0.302575706,0.069022627,0.188896122,0.072313936,0.181767288,0.059471486,0.044793223,0.012686081,0.198302392,0.249294937,0.062990207,0.018000517,0.069544268,0.178308401,0.100532775,0.053245578,0.217958466,0.054533309,0.031158061,0.066957574,0.230849851,0.050918181,0.135975242
0.023088533,0.109464997,0.086018572,0.074271337,0.078601332,0.124336911,0.063110705,0.014459647,0.081298347,0.067181084,0.067750199,0.15829366,0.061507107,0.146646855,0.060650779,0.044690605,0.007396061,0.079496753,0.068631628,0.056800638,0.113931625,0.175571171,0.069513975,0.214570122,0.143073225,0.132845602,0.04013447,0.207402255,0.068388351,0.050050405,0.234965736,0.633998206,0.083409425,0.096764517,0.663507318,0.046906068,0.346017474,0.132408734,0.097257148,0.083790565,0.807818659,0.646418992,0.070082791,0.158912152,0.296875149,0.182727235,0.05573615,0.099435806,0.287317396,0.804401337,1.401273916,0.048705124,0.760094888,0.019008957,0.115726216,0.203215456,0.083307772,0.060317521,0.022932236,0.116277293,0.018491452,0.273940895,0.097354631,0.078790527,0.069487679,0.238573723,0.03557466,0.176994207,0.016494619,0.123953526,0.208427232,0.0259402,0.070152155,0.015637356,0.179529461,0.269828781,0.018123168,0.059491235,0.042025952,0.264176617,0.101097697,0.018281459,0.126418733,0.126957408,0.146695746,0.05088192,0.035244324,0.150524427,0.213742751,0.087189919,0.056324895,0.074781784,0.042349444,0.208782162,0.149242332,0.120102729,0.011488445,0.070324007,0.079490793,0.02343049,0.082770417,0.164470322,0.101029117,0.073605687,0.068209804,0.233895253,0.063410579,0.025454801,0.263036093,0.214836644,0.060489961,0.075470311,0.084066078,0.097581564,0.037022935,0.008985704,0.09301835,0.034846007,0.07375211,0.088500196,0.115957139,0.146159395,0.10479276,0.042302727,0.047739064,0.104152836,0.156695131,0.027854015,0.052585916,0.235508804,0.092394065,0.043989849,0.16492155,0.023651244,0.018550221,0.130555732,0.19075498,0.088252345,0.270777817,0.130074674,0.208828716,0.055574598,0.014170176,0.053775557,0.128438633,0.081187722,0.016522804,0.250932815,0.109054118,0.027320029,0.092231893,0.190694238,0.32151891,0.064283429,0.0746761,0.084153586,0.049273148,0.212649609,0.080967451,0.135244295,0.069209397,0.159600406,0.075818743,0.037033665,0.009133314,0.208304191,0.231814466,0.098849462,0.016723341,0.054764433,0.161509923,0.101369791,0.043524236,0.279971043,0.07406427,0.02537954,0.073674562,0.269642757,0.090445683,0.218048557
0.055717896,0.053582875,0.119224158,0.044289376,0.083812562,0.132896877,0.030640457,0.025873227,0.067577248,0.084271197,0.05649724,0.195141521,0.06464929,0.093129078,0.064240399,0.078971548,0.096621995,0.137649101,0.041861875,0.154524227,0.117114115,0.129059323,0.031962612,0.133622794,0.19163505,0.12735198,0.064577814,0.17119482,0.067011214,0.087920682,0.106666165,0.664081804,0.086269491,0.0594135,0.614452833,0.04277201,0.199915543,0.192753514,0.142748339,0.053610872,0.809319663,0.653559116,0.056791301,0.169767126,0.215538263,0.157888063,0.039096637,0.136367104,0.227716531,0.87190666,1.221751439,0.109962046,0.658251991,0.057371613,0.229261927,0.144165802,0.098990575,0.05599858,0.032688382,0.089608514,0.016071244,0.261675672,0.113643237,0.039748237,0.11201459,0.196286199,0.029492864,0.199699743,0.039505616,0.145829488,0.19220908,0.018068364,0.124667381,0.053407784,0.181824502,0.132455218,0.017099872,0.073377534,0.044596527,0.281020136,0.09150202,0.016789561,0.121837415,0.093732844,0.124669472,0.028739482,0.02457861,0.145060147,0.176021717,0.134335591,0.005884583,0.033519384,0.089309611,0.144359081,0.08706337,0.086158133,0.031830344,0.035089214,0.093100619,0.026775449,0.039603966,0.090301934,0.124072266,0.102056195,0.134547665,0.227403436,0.080343248,0.018409789,0.23421669,0.226049077,0.061384351,0.075116218,0.10632355,0.128128436,0.017121778,0.090535932,0.043078341,0.052018788,0.111655911,0.068758001,0.196410495,0.099739083,0.104850326,0.034630886,0.113982361,0.120505504,0.035075094,0.017098146,0.122121889,0.21769009,0.138459594,0.01944547,0.096317623,0.025495953,0.044348443,0.111712173,0.146273943,0.068793722,0.26439372,0.099944068,0.200630875,0.032570112,0.025372265,0.054802264,0.122776173,0.130644488,0.029844105,0.310516224,0.135966161,0.016231676,0.083953823,0.174220786,0.2844922,0.060435989,0.038843955,0.067808582,0.055952057,0.166440991,0.065439512,0.080507257,0.043763504,0.26905541,0.051130793,0.167274513,0.01495582,0.166650944,0.193878916,0.133992895,0.036746471,0.036821625,0.166804635,0.086722056,0.043981088,0.222399607,0.092643003,0.018645666,0.057817977,0.138236492,0.073546378,0.251913609
0.071421231,0.118505096,0.146506629,0.053997456,0.067900806,0.183093899,0.045466143,0.013659988,0.062555717,0.211502012,0.076307179,0.135010919,0.079289275,0.229333904,0.155867091,0.096013081,0.044343928,0.15383015,0.070453858,0.143193474,0.068527527,0.154858272,0.077471481,0.105416601,0.17815762,0.164791604,0.036416203,0.169189047,0.074795163,0.14779316,0.192014791,0.687996057,0.035715593,0.070014054,0.600389464,0.022935294,0.179219361,0.178280164,0.110686462,0.023602161,0.698445887,0.693621917,0.072896622,0.083950839,0.138926641,0.166202586,0.069707445,0.124538355,0.235250169,0.791232277,1.0456908,0.22447143,0.621673433,0.059516391,0.198673625,0.117150377,0.088342283,0.072363132,0.020437534,0.099452469,0.007238942,0.261728416,0.112430842,0.050393015,0.137292044,0.174930853,0.035071729,0.142012035,0.038626425,0.200866426,0.204554688,0.031331902,0.115772471,0.063488257,0.164943378,0.136161093,0.017879792,0.052202138,0.034942838,0.13742104,0.110755236,0.027121429,0.130038058,0.048440727,0.103778302,0.032874718,0.032999347,0.097601872,0.19288614,0.155436246,0.026347457,0.020444157,0.109241469,0.188360668,0.078091697,0.19363731,0.035881309,0.037510264,0.026276262,0.014204003,0.044067492,0.095061797,0.186998734,0.073237437,0.179877038,0.095543963,0.079546582,0.052805679,0.244107801,0.073950736,0.051672247,0.086578852,0.069962476,0.200550602,0.020210733,0.04123045,0.083698633,0.054432387,0.113920961,0.150285271,0.125297499,0.162369309,0.126201799,0.018566883,0.129299385,0.135451066,0.031321918,0.035617512,0.094162011,0.197602869,0.098035339,0.031979357,0.087177167,0.012478677,0.058309037,0.103142687,0.074874073,0.083846208,0.284784091,0.10592033,0.122290165,0.051494933,0.028429501,0.049171103,0.116059495,0.122148503,0.034851162,0.282024694,0.194491825,0.011049248,0.070553521,0.1773,0.23039902,0.039111549,0.048538326,0.036404595,0.031697153,0.20771366,0.065246664,0.093046225,0.051433813,0.249904777,0.031240494,0.167954686,0.01224951,0.156476764,0.14375746,0.088129436,0.035435527,0.077018667,0.168135867,0.029487447,0.081248304,0.167297261,0.04410755,0.021541194,0.070027401,0.13022533,0.071287336,0.241068906
0.102284109,0.115279853,0.120015426,0.113459845,0.023351366,0.156490976,0.127171386,0.036047269,0.044233346,0.183192902,0.077236181,0.063111184,0.075709713,0.228882301,0.124084092,0.046244472,0.075783112,0.095257758,0.107789838,0.177844991,0.109355774,0.134058089,0.057941384,0.037087213,0.1021393,0.152104021,0.03477854,0.1148155,0.099880662,0.13902355,0.211913697,0.673698229,0.039600533,0.064183748,0.658198928,0.040701581,0.246477926,0.201822717,0.183039786,0.024960074,0.614776774,0.727964024,0.079909687,0.100894132,0.148875956,0.197323831,0.022584165,0.059372529,0.142366784,0.681219876,0.928706395,0.28975316,0.683500491,0.019522632,0.061031122,0.149112764,0.044825281,0.092277247,0.033260985,0.165690349,0.018736845,0.276892184,0.075119788,0.053737111,0.078908143,0.070250903,0.036426927,0.093552586,0.040903759,0.151905117,0.200353369,0.023567315,0.094547576,0.058177964,0.154724169,0.256086094,0.0508169,0.104216082,0.022493126,0.187152305,0.099152703,0.044367539,0.231326673,0.069698991,0.168102211,0.035566994,0.042131683,0.067552649,0.146520073,0.123910547,0.023026383,0.035853054,0.0404025,0.166518023,0.06357913,0.188604399,0.020074143,0.032828777,0.016784611,0.062094631,0.102971629,0.165739434,0.075296557,0.056548877,0.126023099,0.161019747,0.064370537,0.056591293,0.170033728,0.087871471,0.087486217,0.075168365,0.071889426,0.131437842,0.019687807,0.012328398,0.055161818,0.057815915,0.051426761,0.146758431,0.122027782,0.197722026,0.23902146,0.0149502,0.154928794,0.163537924,0.083343297,0.032183872,0.065995104,0.145840457,0.171036541,0.030572958,0.10727217,0.013863289,0.053240859,0.193826905,0.192631513,0.083183472,0.247144167,0.107895103,0.135780309,0.031168581,0.020585326,0.028144679,0.211634421,0.042310877,0.050955536,0.280722045,0.104025782,0.039932301,0.122612402,0.186961429,0.192801649,0.0208954,0.047323871,0.056544819,0.048560812,0.234914152,0.064569247,0.101990588,0.051366667,0.273460204,0.108917725,0.084019368,0.047524172,0.229838643,0.271826275,0.07352966,0.017515326,0.078281419,0.324336413,0.026676136,0.057811347,0.104379583,0.054201814,0.05100234,0.063528132,0.117590474,0.065143211,0.177644341
0.057532469,0.067866569,0.011283713,0.115784506,0.049278092,0.107763091,0.05450046,0.038086758,0.066442104,0.103299948,0.071248633,0.051022673,0.056402268,0.124929265,0.101334338,0.049050349,0.071617608,0.056873218,0.032044409,0.172230323,0.142534642,0.106915406,0.05263918,0.108247105,0.088905198,0.074371022,0.033252279,0.110641446,0.059618177,0.064261265,0.201958666,0.537649999,0.029685728,0.107916901,0.784875862,0.014014221,0.303544809,0.21949969,0.170185618,0.005188561,0.715096481,0.869562224,0.069862012,0.224580556,0.32270674,0.15852354,0.032755206,0.068976536,0.220448007,0.685290154,0.883328521,0.205868594,0.792743714,0.044830323,0.13933927,0.127182815,0.054851072,0.077144926,0.048235228,0.143590023,0.016619976,0.279899311,0.112639918,0.044559422,0.120383103,0.155648931,0.029848514,0.118048893,0.042039746,0.121837417,0.21997018,0.027914334,0.068789031,0.035744783,0.184869888,0.274008389,0.047555534,0.095965725,0.033479428,0.205207579,0.089913811,0.042553334,0.125224574,0.083306383,0.292910275,0.05784074,0.035469284,0.101407581,0.074675093,0.083597445,0.036103467,0.01036709,0.060964759,0.110313474,0.073820828,0.135040902,0.030977116,0.040751715,0.043584539,0.124344676,0.112048453,0.17518922,0.080179085,0.059197742,0.069743827,0.194263174,0.079898227,0.043668585,0.110505853,0.110173054,0.044217208,0.024499864,0.130904535,0.141245057,0.066509314,0.034914937,0.062672099,0.056215278,0.048454137,0.026260994,0.114894392,0.090658873,0.222431514,0.054011042,0.098824575,0.210780383,0.098956455,0.081401316,0.112194701,0.095731282,0.05956209,0.010667993,0.072166041,0.012681512,0.040642247,0.128380308,0.216269762,0.060418899,0.227429285,0.107843012,0.104130853,0.065250205,0.009155131,0.080219645,0.195554027,0.037011459,0.042414428,0.266606243,0.054010221,0.007511212,0.133484704,0.207538738,0.219090096,0.022182377,0.038055242,0.083352375,0.050079272,0.107188549,0.076864728,0.093245869,0.113319827,0.100395524,0.11210879,0.076997597,0.066844896,0.227749233,0.253387206,0.077911088,0.081117234,0.060952412,0.278152987,0.034002529,0.038732288,0.082299364,0.022941724,0.048686613,0.071357942,0.120556713,0.101864297,0.063896679
0.050163767,0.096901502,0.070609072,0.028651635,0.046436977,0.17850195,0.042973669,0.02832575,0.099561974,0.138425262,0.051304917,0.059471532,0.039463199,0.118283771,0.10995364,0.032026917,0.042056531,0.116449651,0.1499058,0.218937412,0.11875976,0.104382053,0.050120068,0.06005579,0.086098509,0.063311381,0.024000113,0.11334946,0.039720533,0.084900569,0.178446175,0.565670408,0.020502736,0.075573317,0.921062104,0.013539398,0.319195453,0.117142305,0.204057323,0.031611986,0.751666493,0.750795808,0.017616649,0.237980394,0.2808191,0.17110339,0.02891968,0.085984465,0.110415751,0.73738033,0.889041531,0.173178035,0.869264832,0.026408577,0.31640756,0.094450058,0.054965286,0.014375779,0.042619354,0.145678478,0.021852419,0.201826088,0.08402566,0.033460617,0.12134941,0.22465466,0.025433049,0.105955085,0.041303804,0.148678278,0.21515881,0.02971852,0.084733667,0.026151885,0.157715648,0.131056784,0.037467542,0.099515205,0.054788146,0.177175386,0.070079547,0.024287907,0.138601962,0.126126074,0.246712152,0.040012736,0.053434912,0.14851871,0.141974168,0.052531534,0.035366662,0.03084133,0.064997697,0.133601394,0.085031681,0.086417188,0.023634253,0.029703914,0.185437819,0.076782498,0.080040564,0.104369817,0.014898915,0.051015118,0.045447133,0.173671819,0.068839468,0.026249298,0.153695053,0.098467224,0.039231375,0.036928683,0.247354946,0.199862443,0.005242917,0.038395132,0.127417866,0.048065663,0.03475411,0.135875882,0.136477501,0.048811424,0.273930096,0.080142549,0.07316979,0.282332272,0.042853129,0.102840932,0.177989731,0.144632204,0.069905393,0.045442942,0.07151702,0.016741399,0.048993192,0.117376619,0.140470633,0.054144003,0.236336465,0.089315137,0.06859133,0.069074827,0.037668784,0.064533804,0.155552358,0.08590938,0.029584778,0.146092904,0.041985602,0.051513925,0.072219619,0.266303117,0.162912675,0.025963824,0.050696103,0.105997847,0.111569092,0.254213842,0.04952476,0.049714875,0.121065733,0.217739941,0.143799983,0.037712339,0.055636807,0.244811653,0.111055349,0.080363156,0.068934076,0.057932643,0.275254598,0.026541495,0.040848326,0.116746915,0.052995796,0.035512144,0.051790216,0.258600172,0.1175418,0.161809745
0.042930906,0.107181222,0.092221937,0.032832916,0.045004826,0.206077578,0.094178939,0.031084671,0.054550005,0.151108969,0.022600799,0.09502222,0.036163394,0.208815484,0.16191504,0.066047973,0.045838221,0.111715275,0.192446815,0.177631214,0.078329923,0.066525701,0.039868722,0.083954167,0.07563756,0.062027676,0.046508685,0.147887969,0.037811109,0.022404278,0.264347244,0.579656276,0.031005207,0.005891085,0.963326156,0.015475672,0.298874683,0.162584012,0.128043043,0.04040157,0.626919569,0.655008243,0.04726419,0.12024079,0.270413314,0.245917708,0.029881925,0.151988681,0.147372829,0.82755759,1.032443642,0.271518616,0.812773947,0.008615349,0.2909807,0.114938209,0.08337959,0.016996389,0.04960015,0.089819417,0.014209981,0.172331633,0.068401511,0.030286483,0.102160748,0.207435953,0.038690752,0.142358161,0.050155406,0.117655271,0.229230765,0.027998912,0.07478793,0.043543041,0.142179718,0.164044535,0.037879068,0.088393087,0.034379057,0.240989858,0.074225583,0.026108481,0.217324583,0.155810821,0.197198375,0.038064581,0.044645058,0.137081859,0.135609417,0.08379587,0.04524267,0.004615601,0.009923456,0.123789993,0.066935557,0.068969252,0.026565588,0.053038679,0.214764483,0.058667485,0.094274592,0.093781043,0.104805122,0.031203646,0.03185491,0.165046486,0.086351025,0.033546526,0.181904351,0.135688858,0.0346998,0.067089198,0.183011026,0.169569873,0.085779792,0.103289911,0.10562134,0.037208023,0.053014798,0.150200134,0.025750727,0.159436278,0.256915477,0.036896078,0.065316403,0.225169367,0.056778054,0.129701021,0.084942061,0.163640162,0.064482343,0.033256166,0.083658831,0.003241659,0.034871208,0.109052665,0.146411133,0.053308128,0.242006988,0.082404523,0.082166762,0.024505037,0.034023752,0.036774208,0.160927108,0.08339013,0.037961952,0.080499047,0.05293207,0.057539117,0.115688622,0.252532424,0.253332998,0.031093352,0.041609923,0.098930358,0.063231811,0.175918619,0.043316649,0.071972118,0.113740568,0.202006418,0.170533922,0.058147414,0.040202269,0.186195335,0.066935821,0.030100545,0.047927198,0.065415609,0.194661907,0.045484829,0.046749878,0.124598314,0.081972451,0.041314308,0.02507296,0.237676876,0.078189529,0.230579396
0.021346902,0.091535071,0.039455233,0.049696657,0.063139664,0.086224017,0.055312576,0.029998435,0.052683177,0.200639144,0.070648631,0.156498748,0.057919104,0.179135411,0.082959003,0.064525334,0.045405262,0.10040335,0.235641261,0.202850506,0.191093421,0.082828874,0.039171371,0.111986834,0.062478175,0.041283274,0.039685029,0.057675828,0.055859204,0.061660707,0.269568953,0.630216095,0.022672191,0.113212335,0.909385834,0.002887126,0.24505122,0.243633067,0.147567172,0.043253981,0.698829518,0.707560412,0.035220649,0.150519687,0.195057761,0.271996323,0.036789924,0.125001778,0.229066355,0.846810822,0.865304926,0.279763287,0.830023817,0.035555726,0.13383804,0.122791781,0.088581361,0.010503046,0.043711853,0.082945342,0.006876983,0.17170801,0.076749681,0.010352256,0.109552652,0.190950587,0.046574807,0.139530236,0.028632493,0.164748392,0.155834267,0.032592785,0.101753558,0.045289678,0.226042926,0.208979198,0.032785005,0.093428739,0.017082869,0.25512322,0.120774851,0.026315412,0.201030868,0.103212799,0.228055321,0.022633764,0.029073544,0.087044039,0.135178429,0.102730321,0.093142055,0.05281857,0.032742789,0.084775933,0.065238909,0.088194683,0.019361498,0.072932282,0.19532827,0.050831883,0.059023408,0.147011021,0.103034978,0.011931649,0.023220415,0.090733524,0.072077747,0.040423351,0.204834491,0.128158828,0.056474919,0.082495194,0.14321705,0.196720542,0.084137289,0.103343135,0.163881487,0.070601362,0.080455675,0.114259576,0.044633172,0.20058872,0.254587481,0.01976084,0.030766876,0.207373021,0.134971923,0.122314268,0.071005197,0.170188517,0.134608022,0.014275105,0.071407384,0.019852054,0.015831511,0.063826417,0.173721449,0.078211623,0.285319232,0.043603049,0.106103316,0.07424935,0.02374265,0.063807357,0.231234786,0.081153956,0.022689093,0.057576967,0.096468438,0.025275446,0.129858675,0.144211194,0.248903348,0.048257764,0.048175722,0.076451916,0.046921522,0.250686249,0.06791728,0.068694823,0.05348726,0.130631518,0.150673349,0.075075805,0.023978748,0.135427728,0.073334917,0.099054488,0.066987495,0.109024699,0.167481199,0.068085294,0.073064152,0.15928239,0.044332205,0.086464827,0.066859341,0.161927641,0.126694859,0.28958495
0.025848929,0.07933223,0.05998707,0.123876295,0.059180726,0.06148378,0.068507733,0.014623468,0.054954026,0.186207543,0.090414204,0.179673741,0.053191359,0.130980901,0.051612088,0.090267894,0.042484965,0.079666062,0.222642885,0.136860952,0.136191003,0.082943876,0.02858301,0.098748558,0.107315494,0.05833649,0.037518047,0.105169801,0.066480996,0.066338081,0.219832879,0.631563287,0.009182014,0.13403476,0.739212885,0.023045562,0.242369195,0.14232861,0.109143806,0.056060732,0.777958384,0.648889128,0.068546412,0.152018655,0.171593432,0.201340765,0.038882567,0.097721974,0.12874483,0.931680753,0.833125494,0.25731752,0.799233,0.036320892,0.132688156,0.073060674,0.073070918,0.030665963,0.027794334,0.06083501,0.03797626,0.215636559,0.134608523,0.013781553,0.099087905,0.120684775,0.045590313,0.172533311,0.039760486,0.1807987,0.164167561,0.048478671,0.108008542,0.099683008,0.210083057,0.258176745,0.014941925,0.088673906,0.027634571,0.289006122,0.045831897,0.038465257,0.128234633,0.130221358,0.271282298,0.024233108,0.022857259,0.080025096,0.111963513,0.105941963,0.105778775,0.039911144,0.056214937,0.049387117,0.135591047,0.141628377,0.081810268,0.044607178,0.189602457,0.050542572,0.139125084,0.109056927,0.07169663,0.023131131,0.072912053,0.132442562,0.158318878,0.031745643,0.128603803,0.06937973,0.066763934,0.054105055,0.063392378,0.152489854,0.034903701,0.055154781,0.140973137,0.076874984,0.162818116,0.130174993,0.041884817,0.174091736,0.132521952,0.02273442,0.032533588,0.13586635,0.170587898,0.077844063,0.109795227,0.273649108,0.134382702,0.037190716,0.034643084,0.019925946,0.047268103,0.087490707,0.141950643,0.082464718,0.246279306,0.055899338,0.081796865,0.071240557,0.025982464,0.074460103,0.177575537,0.071752522,0.019704698,0.198929853,0.104389764,0.025651523,0.055546834,0.211055443,0.2203422,0.038862856,0.028671025,0.084483828,0.061219601,0.235855405,0.058720801,0.036833296,0.086991348,0.124301422,0.124717385,0.052345377,0.042063603,0.128086123,0.101424113,0.052320101,0.080303632,0.112525958,0.168352025,0.060790339,0.102177774,0.132171269,0.036924387,0.041685969,0.021772989,0.182976136,0.131670655,0.312027443
0.033878023,0.087441915,0.118806967,0.134401333,0.076683057,0.139805012,0.081875351,0.058107993,0.070428994,0.156451551,0.057996304,0.091375647,0.028225595,0.099694804,0.054974937,0.029021235,0.017755426,0.064247101,0.166843882,0.120480281,0.254230131,0.044679158,0.046108014,0.132064111,0.172275865,0.056771903,0.026027118,0.175751181,0.100360791,0.084671446,0.19753607,0.59881228,0.142189038,0.193895945,0.639482593,0.076580843,0.22593018,0.139393899,0.195992475,0.035748535,0.649126345,0.67947689,0.052117361,0.164860889,0.247297246,0.074260957,0.05285383,0.162952486,0.123348724,0.969877643,0.970063213,0.268194284,0.756803143,0.0365806,0.096772572,0.075630709,0.071372985,0.036903516,0.037870436,0.105202212,0.010977413,0.193948647,0.189485057,0.026977498,0.058247332,0.230109798,0.036730842,0.169839874,0.022188643,0.172681257,0.131668804,0.064509612,0.082792694,0.118932441,0.108868767,0.118708197,0.035473962,0.092969444,0.040059188,0.268894669,0.080542167,0.053586975,0.109177863,0.105114932,0.286706275,0.008177293,0.024019278,0.111568399,0.102366222,0.116889512,0.064580588,0.036021366,0.006668461,0.219782657,0.071941702,0.094502436,0.063793815,0.095382881,0.132943809,0.017570954,0.164227682,0.177878789,0.046501197,0.049730526,0.127706974,0.103961839,0.134008216,0.014143723,0.100550256,0.082300759,0.052417085,0.069414672,0.090813709,0.121904102,0.044037568,0.025875888,0.08603174,0.036211645,0.054633577,0.089213006,0.017999997,0.087285692,0.095085593,0.016458571,0.026311899,0.131299428,0.128126968,0.070750067,0.065527225,0.171010222,0.094826032,0.017869213,0.052178108,0.017258136,0.052023339,0.08452887,0.131950725,0.094383156,0.176323482,0.10381485,0.119958128,0.046459192,0.031478547,0.098634791,0.07289845,0.045277246,0.008197299,0.21193283,0.082245297,0.017251068,0.114207075,0.264815211,0.175551508,0.025078363,0.040494368,0.060869642,0.029965307,0.172989767,0.069737357,0.034731702,0.068537262,0.102791073,0.071294642,0.023428002,0.04764047,0.284726388,0.161456594,0.048906077,0.035612118,0.071570497,0.133055396,0.039937175,0.070605134,0.190409981,0.126231872,0.060731873,0.04748158,0.293593281,0.092724797,0.264277902
0.026150776,0.07507666,0.116648971,0.068574203,0.066289726,0.077632441,0.077623545,0.016572696,0.077868412,0.076852858,0.10332038,0.061627042,0.066145646,0.060690494,0.046120277,0.081014791,0.026845397,0.086194707,0.111259567,0.133340214,0.187943263,0.068264997,0.056688668,0.172149162,0.094057097,0.072889166,0.021905976,0.149225648,0.084628241,0.048400002,0.19645531,0.834167797,0.096646304,0.224812136,0.591170523,0.118460156,0.254047512,0.186740442,0.256735621,0.012452508,0.608637313,0.654517109,0.018209145,0.188223402,0.144783389,0.138014098,0.054414817,0.174227279,0.236941852,0.864342936,1.064039258,0.264110741,0.688378564,0.040580382,0.070205928,0.080955747,0.053205956,0.039527437,0.018903676,0.147354401,0.024177956,0.114658005,0.237603399,0.055071892,0.080137302,0.281525004,0.042801991,0.101194598,0.029509085,0.193954387,0.05873004,0.050232239,0.032758576,0.047064971,0.10952423,0.112534904,0.04084248,0.095518292,0.027009491,0.250505004,0.076018797,0.052673115,0.065704822,0.096436199,0.243118231,0.023775695,0.041123068,0.075122448,0.158458702,0.095263877,0.15157249,0.0274096,0.041976124,0.193421496,0.172713767,0.08928014,0.014664269,0.112153922,0.173083188,0.030122827,0.171948939,0.138806165,0.062058226,0.04116028,0.161603826,0.121733545,0.140526512,0.073465618,0.102692541,0.102094324,0.031750383,0.134167109,0.151908728,0.09408374,0.029225656,0.034938674,0.110018175,0.014131243,0.04333778,0.140343404,0.022921687,0.156929268,0.050125704,0.022916683,0.048638125,0.189736482,0.099983989,0.046364797,0.041015035,0.055974789,0.058336822,0.038884421,0.055881783,0.014189992,0.043240668,0.151225006,0.168300798,0.050122216,0.136940686,0.171527906,0.149961089,0.063115956,0.025496642,0.065602439,0.023207825,0.074497518,0.022741013,0.201979244,0.090108348,0.023992201,0.082700742,0.218901372,0.127809443,0.027492322,0.0190032,0.049281885,0.163263572,0.142621176,0.049063299,0.063592292,0.081352896,0.296942585,0.089064217,0.085579528,0.030791582,0.218113437,0.147937127,0.067181938,0.027125334,0.070912996,0.133461861,0.02594701,0.083028772,0.180647197,0.160382682,0.023475196,0.051208771,0.27046124,0.083355958,0.220901303